Dataset,Classifier,Metric,NO OVERSAMPLING,BORDERLINE-SMOTE,K-MEANS BORDERLINE-SMOTE
MANDELON 1 (3),LR,ROC AUC,0.8643943608870338,0.8431124236583079,0.8643943608870338
MANDELON 1 (3),LR,F1,0.07869184805804523,0.12442767738353618,0.14984041968457296
MANDELON 1 (3),LR,GEOMETRIC MEAN SCORE,0.1693444752212658,0.7412961675975065,0.7752510681882271
MANDELON 1 (3),KNN,ROC AUC,0.5663309996886924,0.6014493222590171,0.5666307605162527
MANDELON 1 (3),KNN,F1,0.0,0.08244496842511159,0.07729732201563189
MANDELON 1 (3),KNN,GEOMETRIC MEAN SCORE,0.0,0.41905960514492674,0.2597162419284659
MANDELON 1 (3),DT,ROC AUC,0.765315214606362,0.7568460082446704,0.7919242151267566
MANDELON 1 (3),DT,F1,0.14809509952275637,0.17789580315679815,0.17740836216317324
MANDELON 1 (3),DT,GEOMETRIC MEAN SCORE,0.2803756444608645,0.7096997700375689,0.6954294522437019
MANDELON 1 (3),GBC,ROC AUC,0.8421427568071135,0.8384520126793088,0.8514354121571884
MANDELON 1 (3),GBC,F1,0.1805001306103572,0.22208114298569742,0.23196143685989737
MANDELON 1 (3),GBC,GEOMETRIC MEAN SCORE,0.3854238594984102,0.589659431324006,0.6079353977078027
SEGMENTATION (3),LR,ROC AUC,0.9996151022706046,0.9994990216401698,0.99973944801696
SEGMENTATION (3),LR,F1,0.9908630860120853,0.9865335300648008,0.9908630860120853
SEGMENTATION (3),LR,GEOMETRIC MEAN SCORE,0.9950894853461145,0.9948365516617654,0.9950894853461145
SEGMENTATION (3),KNN,ROC AUC,0.970293854097682,0.9809339597318067,0.9739805791001964
SEGMENTATION (3),KNN,F1,0.8440053694498176,0.8586393561110256,0.8695358610460664
SEGMENTATION (3),KNN,GEOMETRIC MEAN SCORE,0.8966133216356724,0.9479011568525233,0.9444914886417562
SEGMENTATION (3),DT,ROC AUC,0.9574659566047126,0.9862124461346948,0.9837092409939301
SEGMENTATION (3),DT,F1,0.9339612811411712,0.957749598911356,0.9680103856901483
SEGMENTATION (3),DT,GEOMETRIC MEAN SCORE,0.9560910101727997,0.9853643234247484,0.9841457374353557
SEGMENTATION (3),GBC,ROC AUC,0.9934673581802769,0.9988566317513685,0.9992680294474552
SEGMENTATION (3),GBC,F1,0.9640634825809028,0.9665808869154816,0.9773422835684277
SEGMENTATION (3),GBC,GEOMETRIC MEAN SCORE,0.9806788582775832,0.9851446433652056,0.9857401270760675
SEGMENTATION,LR,ROC AUC,0.9996923783287419,0.9998117539026631,0.9998829201101929
SEGMENTATION,LR,F1,0.9908534264077664,0.9841616910232919,0.9908534264077664
SEGMENTATION,LR,GEOMETRIC MEAN SCORE,0.9934027396648947,0.9935342552311541,0.9946872143068842
SEGMENTATION,KNN,ROC AUC,0.9964600550964187,0.9957196969696969,0.9965507346189164
SEGMENTATION,KNN,F1,0.9441647437242149,0.9466193941655783,0.9464458247066944
SEGMENTATION,KNN,GEOMETRIC MEAN SCORE,0.9802234804888963,0.9881101414048055,0.9873478054653873
SEGMENTATION,DT,ROC AUC,0.9867320936639119,0.9858494031221303,0.990049357208448
SEGMENTATION,DT,F1,0.9757263386823821,0.969974400562636,0.9779322311299526
SEGMENTATION,DT,GEOMETRIC MEAN SCORE,0.9864043693904601,0.9860839566532489,0.9873956163999217
SEGMENTATION,GBC,ROC AUC,0.9994582185491276,0.9994651056014693,0.999814049586777
SEGMENTATION,GBC,F1,0.9809455908597666,0.985539480067826,0.9893592842827331
SEGMENTATION,GBC,GEOMETRIC MEAN SCORE,0.9872996179866429,0.9899745921535796,0.993155870936546
YEAST 4 (3),LR,ROC AUC,0.8763980439716197,0.887583809500476,0.8894883141308743
YEAST 4 (3),LR,F1,0.0,0.17327047276242324,0.14079629570351115
YEAST 4 (3),LR,GEOMETRIC MEAN SCORE,0.0,0.8272452201199731,0.8415842867495453
YEAST 4 (3),KNN,ROC AUC,0.7714947150513582,0.7690211328377021,0.7739941441347429
YEAST 4 (3),KNN,F1,0.06648275862068967,0.23742330116992788,0.2509896648314498
YEAST 4 (3),KNN,GEOMETRIC MEAN SCORE,0.14803534313232042,0.6030929090748418,0.6309276377167037
YEAST 4 (3),DT,ROC AUC,0.8364225853705602,0.7990879928447132,0.8364225853705602
YEAST 4 (3),DT,F1,0.22763175521796208,0.3029791029297382,0.27790038314176246
YEAST 4 (3),DT,GEOMETRIC MEAN SCORE,0.3831968901941373,0.7063714852072415,0.6974854318604208
YEAST 4 (3),GBC,ROC AUC,0.8789020978576789,0.9014935656563181,0.8775959008338257
YEAST 4 (3),GBC,F1,0.3250368405540819,0.28034482758620693,0.3522528735632184
YEAST 4 (3),GBC,GEOMETRIC MEAN SCORE,0.44519149099874955,0.547565513527442,0.6682161742624262
PIMA (2),LR,ROC AUC,0.8016414510516071,0.8169086308413953,0.819824016962496
PIMA (2),LR,F1,0.31597564474481177,0.5814316038320404,0.5672174293647523
PIMA (2),LR,GEOMETRIC MEAN SCORE,0.45348635989693337,0.764932642262923,0.7555638077259532
PIMA (2),KNN,ROC AUC,0.712871853525114,0.7154131727001736,0.7263086913741117
PIMA (2),KNN,F1,0.34751889580236034,0.4630297462817148,0.4574588526186358
PIMA (2),KNN,GEOMETRIC MEAN SCORE,0.5145949505510317,0.6703216048944012,0.6667278818273245
PIMA (2),DT,ROC AUC,0.7771409697903168,0.7685674796910593,0.77903303152702
PIMA (2),DT,F1,0.4060304211858996,0.5334128043498354,0.5186541924649806
PIMA (2),DT,GEOMETRIC MEAN SCORE,0.5675675785649728,0.7209143558685935,0.7154787092138394
PIMA (2),GBC,ROC AUC,0.8317741586738239,0.8218739828860533,0.8331421194832954
PIMA (2),GBC,F1,0.47272761415221326,0.5458037490162517,0.5266930422182325
PIMA (2),GBC,GEOMETRIC MEAN SCORE,0.6112994739391886,0.7135184408116539,0.6977431545842859
GLASS,LR,ROC AUC,0.8184850331843424,0.8146248137613437,0.8229759244209671
GLASS,LR,F1,0.5071420819105297,0.6538777202873851,0.6932638063881444
GLASS,LR,GEOMETRIC MEAN SCORE,0.6138790621344886,0.7183162684651834,0.7746353808095238
GLASS,KNN,ROC AUC,0.8492313422727888,0.8439584603142354,0.8556174234728431
GLASS,KNN,F1,0.6690827757102153,0.7047861919959479,0.6904363402387483
GLASS,KNN,GEOMETRIC MEAN SCORE,0.7543782479509339,0.7848650252996922,0.772936648236896
GLASS,DT,ROC AUC,0.7863736793986185,0.7904603480969796,0.7986156965325748
GLASS,DT,F1,0.6763977616339214,0.6917251013305219,0.7234527657216732
GLASS,DT,GEOMETRIC MEAN SCORE,0.7554646870427859,0.7715150106541186,0.7956927956619044
GLASS,GBC,ROC AUC,0.8977697920899363,0.9025717865366382,0.9099620750372477
GLASS,GBC,F1,0.7516610618121853,0.7429756793491201,0.7832810781621837
GLASS,GBC,GEOMETRIC MEAN SCORE,0.8105977900478428,0.8095400031942979,0.8356571688846273
ECOLI (2),LR,ROC AUC,0.9091659943728,0.9079888579834394,0.9144179440250134
ECOLI (2),LR,F1,0.0,0.4890559156213805,0.5781078639565848
ECOLI (2),LR,GEOMETRIC MEAN SCORE,0.0,0.8718174979174487,0.8647181718309582
ECOLI (2),KNN,ROC AUC,0.947597843843193,0.9431461847824778,0.9504651721674353
ECOLI (2),KNN,F1,0.8015912403009177,0.7905320485965648,0.8304279760986043
ECOLI (2),KNN,GEOMETRIC MEAN SCORE,0.8830050912444903,0.9346631081779885,0.9309728445807529
ECOLI (2),DT,ROC AUC,0.826902064845252,0.8219790525272228,0.8337878140214411
ECOLI (2),DT,F1,0.6392282759685136,0.5938339920948617,0.6504659743199641
ECOLI (2),DT,GEOMETRIC MEAN SCORE,0.8237879084909415,0.807419685070533,0.8151181853101239
ECOLI (2),GBC,ROC AUC,0.9233183923547142,0.9285653825853813,0.9241708960974846
ECOLI (2),GBC,F1,0.7162463343108504,0.6451282348713514,0.7162463343108504
ECOLI (2),GBC,GEOMETRIC MEAN SCORE,0.8252013261884458,0.7963082491344008,0.8240162800427004
YEAST 3 (2),LR,ROC AUC,0.9630468758347298,0.9634677396153348,0.9641543611853882
YEAST 3 (2),LR,F1,0.0,0.5253612511867085,0.616560445967365
YEAST 3 (2),LR,GEOMETRIC MEAN SCORE,0.0,0.9108950831440823,0.8948703974610169
YEAST 3 (2),KNN,ROC AUC,0.9205141111690429,0.9342462947548793,0.9217829897885177
YEAST 3 (2),KNN,F1,0.6286868653851991,0.661248031344541,0.6598038674512969
YEAST 3 (2),KNN,GEOMETRIC MEAN SCORE,0.7324536030591153,0.9008456293871747,0.8918841131015586
YEAST 3 (2),DT,ROC AUC,0.9288137967690139,0.9407723838970018,0.9402254229045038
YEAST 3 (2),DT,F1,0.6579742412378597,0.7236125841581184,0.7149345353991433
YEAST 3 (2),DT,GEOMETRIC MEAN SCORE,0.8388117837981387,0.9316641223063911,0.919962509063665
YEAST 3 (2),GBC,ROC AUC,0.9604120283252136,0.9557376473694998,0.9658723735138806
YEAST 3 (2),GBC,F1,0.6793323909829206,0.6886512031328156,0.7154092692687735
YEAST 3 (2),GBC,GEOMETRIC MEAN SCORE,0.8082591919158332,0.8774852099131503,0.8985539023315053
YEAST 3,LR,ROC AUC,0.9641647128916093,0.9607303003493318,0.9656950577339487
YEAST 3,LR,F1,0.08064169400613325,0.6256211254188626,0.7155726382814969
YEAST 3,LR,GEOMETRIC MEAN SCORE,0.19957681863972115,0.898446366633035,0.8973875485289937
YEAST 3,KNN,ROC AUC,0.9287741718021849,0.9229847866002563,0.9287741718021849
YEAST 3,KNN,F1,0.7106815098823978,0.6952085618343062,0.7290379151654228
YEAST 3,KNN,GEOMETRIC MEAN SCORE,0.8004795025617789,0.8829794558434896,0.8895785239023856
YEAST 3,DT,ROC AUC,0.9484849856588883,0.9520353504909002,0.9499975198702095
YEAST 3,DT,F1,0.7336229912602455,0.7676611227725911,0.7805257491439355
YEAST 3,DT,GEOMETRIC MEAN SCORE,0.8300614593025912,0.9273384033493799,0.9188996938819689
YEAST 3,GBC,ROC AUC,0.9599725202776801,0.966173338754081,0.9648822946028857
YEAST 3,GBC,F1,0.727986692175687,0.7881375287354434,0.7890666932848995
YEAST 3,GBC,GEOMETRIC MEAN SCORE,0.8207164146073769,0.9213409330952299,0.9163904147688644
HABERMAN,LR,ROC AUC,0.6837037037037036,0.6896296296296296,0.696872427983539
HABERMAN,LR,F1,0.2570974298452662,0.5011163969179111,0.5246913580246914
HABERMAN,LR,GEOMETRIC MEAN SCORE,0.3940221723084558,0.6487355303485312,0.6636782884191809
HABERMAN,KNN,ROC AUC,0.6296296296296295,0.6248559670781894,0.6413580246913579
HABERMAN,KNN,F1,0.3516042780748663,0.4287363932811153,0.45372967063667136
HABERMAN,KNN,GEOMETRIC MEAN SCORE,0.5068586188674743,0.5875173963467641,0.603702243816145
HABERMAN,DT,ROC AUC,0.6186831275720164,0.6732921810699588,0.6539506172839507
HABERMAN,DT,F1,0.29062842158139857,0.4788686250293086,0.4754635582686272
HABERMAN,DT,GEOMETRIC MEAN SCORE,0.45897575018906,0.6280699989255583,0.6264842053982554
HABERMAN,GBC,ROC AUC,0.6074897119341564,0.6418930041152264,0.6239506172839506
HABERMAN,GBC,F1,0.32032677884918387,0.42131125907934447,0.36994108648243984
HABERMAN,GBC,GEOMETRIC MEAN SCORE,0.47338574982847986,0.5795611002543097,0.5346882712034859
PAGE BLOCKS 0 (2),LR,ROC AUC,0.9250823933947895,0.9462955942624274,0.951609511869764
PAGE BLOCKS 0 (2),LR,F1,0.4128494041929915,0.5555629226204208,0.6292353441523504
PAGE BLOCKS 0 (2),LR,GEOMETRIC MEAN SCORE,0.5430465994218615,0.8901389487935503,0.8945415573374278
PAGE BLOCKS 0 (2),KNN,ROC AUC,0.9040628360530651,0.930709430649505,0.9040628360530651
PAGE BLOCKS 0 (2),KNN,F1,0.6858912048394736,0.6745157258338892,0.7014463163835795
PAGE BLOCKS 0 (2),KNN,GEOMETRIC MEAN SCORE,0.7606710745114973,0.8976598592843084,0.8543279839341064
PAGE BLOCKS 0 (2),DT,ROC AUC,0.8962730666947736,0.9403616128022199,0.9314445445762635
PAGE BLOCKS 0 (2),DT,F1,0.7649290289721109,0.6655575561417055,0.7827046815925778
PAGE BLOCKS 0 (2),DT,GEOMETRIC MEAN SCORE,0.8525516528644872,0.9026225384522149,0.9088821781492677
PAGE BLOCKS 0 (2),GBC,ROC AUC,0.9850477912787494,0.9844410323783865,0.985788621327975
PAGE BLOCKS 0 (2),GBC,F1,0.7884164839453167,0.7780162117357033,0.8057136690205671
PAGE BLOCKS 0 (2),GBC,GEOMETRIC MEAN SCORE,0.8758471690677583,0.9409866247659564,0.933655910955364
EUCALYPTUS,LR,ROC AUC,0.8643324551610876,0.8920582631151026,0.8937856045952293
EUCALYPTUS,LR,F1,0.26686645601012043,0.5418256848902121,0.5598414324948744
EUCALYPTUS,LR,GEOMETRIC MEAN SCORE,0.39634658784494425,0.7997608768469612,0.8004754582188707
EUCALYPTUS,KNN,ROC AUC,0.7350910658276281,0.7623433100815697,0.7498437332338509
EUCALYPTUS,KNN,F1,0.32957276368491323,0.41784436620092047,0.43419479377471626
EUCALYPTUS,KNN,GEOMETRIC MEAN SCORE,0.49548293527141213,0.682777214615371,0.6972292195100421
EUCALYPTUS,DT,ROC AUC,0.83340364620377,0.8296745311256545,0.8392982777930434
EUCALYPTUS,DT,F1,0.44589607692411426,0.4998239557533375,0.5189273528787697
EUCALYPTUS,DT,GEOMETRIC MEAN SCORE,0.5953866832090302,0.7399216152821929,0.7886308999786223
EUCALYPTUS,GBC,ROC AUC,0.8861783628025818,0.8799183940274455,0.8902575131792357
EUCALYPTUS,GBC,F1,0.527892223518489,0.5469333702759471,0.600680885165059
EUCALYPTUS,GBC,GEOMETRIC MEAN SCORE,0.6638599146536004,0.7358050227179553,0.7689450693356141
YEAST 1,LR,ROC AUC,0.782120029908945,0.7792379784567285,0.7883040292385812
YEAST 1,LR,F1,0.3365738597157754,0.5683375475531129,0.5835514658040475
YEAST 1,LR,GEOMETRIC MEAN SCORE,0.4635844382378599,0.6930418656073237,0.7068678235410748
YEAST 1,KNN,ROC AUC,0.7676387559200059,0.7563757038624374,0.7703486500287797
YEAST 1,KNN,F1,0.5230354255110976,0.5833514268897932,0.5781857094005791
YEAST 1,KNN,GEOMETRIC MEAN SCORE,0.6398327097631015,0.7076599844136862,0.699966762001776
YEAST 1,DT,ROC AUC,0.7368340148779418,0.7431953419571344,0.7557661863381203
YEAST 1,DT,F1,0.48608927535997076,0.5770320254976188,0.568363039067334
YEAST 1,DT,GEOMETRIC MEAN SCORE,0.6091377653679785,0.6980985253504861,0.6920891869046168
YEAST 1,GBC,ROC AUC,0.8009779899520466,0.7915293932024475,0.804033384995944
YEAST 1,GBC,F1,0.5419460791899546,0.5990828357800326,0.6085977762588555
YEAST 1,GBC,GEOMETRIC MEAN SCORE,0.6469674885294218,0.7185798353172901,0.7249870018289677
BREAST TISSUE (2),LR,ROC AUC,0.7956809947299077,0.7623826581027668,0.8099884716732543
BREAST TISSUE (2),LR,F1,0.3778409090909091,0.5063360881542699,0.5357478528601524
BREAST TISSUE (2),LR,GEOMETRIC MEAN SCORE,0.5219375144083626,0.6750208828762461,0.6980179475937345
BREAST TISSUE (2),KNN,ROC AUC,0.6856472332015809,0.7388422266139657,0.6856472332015809
BREAST TISSUE (2),KNN,F1,0.38331668331668334,0.5000790347130588,0.4831390200708382
BREAST TISSUE (2),KNN,GEOMETRIC MEAN SCORE,0.5363949818311687,0.6918634329352864,0.6622910853383234
BREAST TISSUE (2),DT,ROC AUC,0.7827785326086957,0.7417860671936759,0.7838335803689065
BREAST TISSUE (2),DT,F1,0.5069362455726091,0.519130379424497,0.5663681433317129
BREAST TISSUE (2),DT,GEOMETRIC MEAN SCORE,0.6596034528480513,0.7180874153035165,0.7187831635365723
BREAST TISSUE (2),GBC,ROC AUC,0.8060873682476943,0.8232614871541503,0.8464262187088274
BREAST TISSUE (2),GBC,F1,0.5069362455726091,0.5009740259740261,0.5081759149940968
BREAST TISSUE (2),GBC,GEOMETRIC MEAN SCORE,0.6596034528480513,0.6737253619354696,0.6596034528480513
YEAST 6 (2),LR,ROC AUC,0.9505137852044548,0.9645539756919436,0.9626256570603804
YEAST 6 (2),LR,F1,0.0,0.23670861533224846,0.28932189064802816
YEAST 6 (2),LR,GEOMETRIC MEAN SCORE,0.0,0.9318291944676655,0.917162400010943
YEAST 6 (2),KNN,ROC AUC,0.8481651738932715,0.8718900318891422,0.8481651738932715
YEAST 6 (2),KNN,F1,0.4403168455010201,0.45939063210550246,0.4950969931106217
YEAST 6 (2),KNN,GEOMETRIC MEAN SCORE,0.6174638534166441,0.7964384082176564,0.8363099153260156
YEAST 6 (2),DT,ROC AUC,0.8305937340236529,0.8721004253768654,0.8880270958849166
YEAST 6 (2),DT,F1,0.3333333333333333,0.335217026816079,0.46957841799748556
YEAST 6 (2),DT,GEOMETRIC MEAN SCORE,0.4812250806275995,0.6733799805636813,0.8803299370459011
YEAST 6 (2),GBC,ROC AUC,0.9447323599942379,0.933813506421609,0.963253695214369
YEAST 6 (2),GBC,F1,0.2099280891913907,0.39989736843420337,0.4380854934060937
YEAST 6 (2),GBC,GEOMETRIC MEAN SCORE,0.4009200828992513,0.6168601308128043,0.8126010641354862
VOWEL (2),LR,ROC AUC,0.9463225716450853,0.9625819835412257,0.9769850958361264
VOWEL (2),LR,F1,0.7602077138132282,0.6479946705821573,0.7619341659547165
VOWEL (2),LR,GEOMETRIC MEAN SCORE,0.8198275577066167,0.8976539985733248,0.8981018673844465
VOWEL (2),KNN,ROC AUC,0.910574348807324,0.9214509068167603,0.9110197654252244
VOWEL (2),KNN,F1,0.6486006731522892,0.8964062684105102,0.8964062684105102
VOWEL (2),KNN,GEOMETRIC MEAN SCORE,0.6941196318340807,0.9037434404934036,0.9037434404934036
VOWEL (2),DT,ROC AUC,0.928914367557228,0.9506872354058715,0.9583507414251109
VOWEL (2),DT,F1,0.8436712505273719,0.7614920375259717,0.9063822558626272
VOWEL (2),DT,GEOMETRIC MEAN SCORE,0.9242354809849211,0.932475778041183,0.9571511764460374
VOWEL (2),GBC,ROC AUC,0.998292564705493,0.9979212373990833,0.998737963590193
VOWEL (2),GBC,F1,0.9290048917319467,0.8941075144960957,0.921015102204995
VOWEL (2),GBC,GEOMETRIC MEAN SCORE,0.9695734161058358,0.9488896370667774,0.9616900842582343
NEW THYROID 2,LR,ROC AUC,1.0,1.0,1.0
NEW THYROID 2,LR,F1,0.9378015311281237,0.9598817764641829,0.9617217969088545
NEW THYROID 2,LR,GEOMETRIC MEAN SCORE,0.9523705877559329,0.9916078003398072,0.9916078003398072
NEW THYROID 2,KNN,ROC AUC,0.9857963354474982,0.9851162790697675,0.986046511627907
NEW THYROID 2,KNN,F1,0.8961473451069535,0.8791277866050364,0.9576865520728008
NEW THYROID 2,KNN,GEOMETRIC MEAN SCORE,0.9055197775623588,0.943215752695747,0.980177106979494
NEW THYROID 2,DT,ROC AUC,0.9284760394644116,0.9730373502466526,0.9253858350951374
NEW THYROID 2,DT,F1,0.8651582444483301,0.9501432423323222,0.880525783619818
NEW THYROID 2,DT,GEOMETRIC MEAN SCORE,0.9219169582858902,0.9726375784663086,0.9194911983528061
NEW THYROID 2,GBC,ROC AUC,0.9949400986610288,0.9984443269908387,0.9960570824524313
NEW THYROID 2,GBC,F1,0.9154047859791035,0.9579204583754634,0.9221267273340075
NEW THYROID 2,GBC,GEOMETRIC MEAN SCORE,0.9599106957769888,0.9801925090986919,0.9599106957769888
NEW THYROID 1,LR,ROC AUC,1.0,1.0,1.0
NEW THYROID 1,LR,F1,0.9856420626895854,0.9598817764641829,0.9856420626895854
NEW THYROID 1,LR,GEOMETRIC MEAN SCORE,0.9972364990467255,0.9916078003398072,0.9972364990467255
NEW THYROID 1,KNN,ROC AUC,0.970662438336857,0.9893023255813953,0.9716279069767441
NEW THYROID 1,KNN,F1,0.8291706009209069,0.8964665125908806,0.9288001348163127
NEW THYROID 1,KNN,GEOMETRIC MEAN SCORE,0.844067469780016,0.9304750779338026,0.962713119278901
NEW THYROID 1,DT,ROC AUC,0.9194855532064834,0.9470542635658915,0.940077519379845
NEW THYROID 1,DT,F1,0.8748046695468333,0.8981973220577872,0.8909415081042988
NEW THYROID 1,DT,GEOMETRIC MEAN SCORE,0.9164482084842418,0.9443541729264879,0.9372853422807123
NEW THYROID 1,GBC,ROC AUC,0.9683016208597605,0.9853100775193799,0.9888407329105005
NEW THYROID 1,GBC,F1,0.8945254947277194,0.8981973220577872,0.9048357692189846
NEW THYROID 1,GBC,GEOMETRIC MEAN SCORE,0.9202167365431325,0.9443541729264879,0.9344510759682646
HEART (3),LR,ROC AUC,0.896266049739734,0.8936772700983227,0.8969063042220937
HEART (3),LR,F1,0.6988380041011619,0.7121516679688424,0.7313310227783911
HEART (3),LR,GEOMETRIC MEAN SCORE,0.7705020639105353,0.833196735139424,0.8264503001757394
HEART (3),KNN,ROC AUC,0.64644997108155,0.6533788316946212,0.6545332562174667
HEART (3),KNN,F1,0.30542510121457495,0.4054820199384076,0.4146542827657379
HEART (3),KNN,GEOMETRIC MEAN SCORE,0.4666517856646171,0.6113244311155617,0.6195829689636787
HEART (3),DT,ROC AUC,0.8035234239444766,0.7695919606709081,0.8002076344707925
HEART (3),DT,F1,0.5953333333333334,0.5829084014143437,0.6484910017518712
HEART (3),DT,GEOMETRIC MEAN SCORE,0.7262345774016368,0.71282427425434,0.7703172335745623
HEART (3),GBC,ROC AUC,0.865351069982649,0.8801972238288027,0.882155002891845
HEART (3),GBC,F1,0.6663859649122807,0.6979323308270677,0.6836220392879431
HEART (3),GBC,GEOMETRIC MEAN SCORE,0.7634254026720086,0.7873676094070364,0.7849359211640676
SEGMENTATION (2),LR,ROC AUC,0.9994582185491276,0.9995316804407713,0.9996969696969696
SEGMENTATION (2),LR,F1,0.9908812899638587,0.984930384930385,0.9908812899638587
SEGMENTATION (2),LR,GEOMETRIC MEAN SCORE,0.9936612785198116,0.993160460749486,0.9959470437139931
SEGMENTATION (2),KNN,ROC AUC,0.9799449035812672,0.9872887970615243,0.9816207529843893
SEGMENTATION (2),KNN,F1,0.9049206609462389,0.9023400486136859,0.9076380728554643
SEGMENTATION (2),KNN,GEOMETRIC MEAN SCORE,0.946222795127733,0.9799621257013231,0.9707058142288015
SEGMENTATION (2),DT,ROC AUC,0.9823232323232323,0.9821854912764005,0.9855716253443527
SEGMENTATION (2),DT,F1,0.9724770642201833,0.9696348404681738,0.9724770642201833
SEGMENTATION (2),DT,GEOMETRIC MEAN SCORE,0.9821732006591775,0.9820273863963044,0.9820286203084083
SEGMENTATION (2),GBC,ROC AUC,0.9976078971533517,0.9992424242424243,0.9981382001836547
SEGMENTATION (2),GBC,F1,0.9725872383364738,0.9739435555634932,0.979980745271265
SEGMENTATION (2),GBC,GEOMETRIC MEAN SCORE,0.9808832279293551,0.9809717342509863,0.9839241252444081
PAGE BLOCKS 1 3,LR,ROC AUC,0.9879520410240749,0.9796918740774672,0.9879520410240749
PAGE BLOCKS 1 3,LR,F1,0.6563462390605961,0.6918812472837895,0.6929900043459366
PAGE BLOCKS 1 3,LR,GEOMETRIC MEAN SCORE,0.7874000362894985,0.956387650070532,0.9569871996992871
PAGE BLOCKS 1 3,KNN,ROC AUC,0.9460246793403573,0.9886728094620043,0.9499685066422354
PAGE BLOCKS 1 3,KNN,F1,0.7441935064372103,0.6878806222026561,0.7441935064372103
PAGE BLOCKS 1 3,KNN,GEOMETRIC MEAN SCORE,0.876060835623404,0.9625733915529103,0.9146457079298693
PAGE BLOCKS 1 3,DT,ROC AUC,0.9429329223291087,0.9642779431974348,0.997253079350537
PAGE BLOCKS 1 3,DT,F1,0.8932852523257296,0.9295433145009416,0.9492305976806423
PAGE BLOCKS 1 3,DT,GEOMETRIC MEAN SCORE,0.9401558978457544,0.9624048244182076,0.9966192299728958
PAGE BLOCKS 1 3,GBC,ROC AUC,0.9983143896014659,0.9974649437573166,1.0
PAGE BLOCKS 1 3,GBC,F1,0.912160521359897,0.9295433145009416,0.9667372881355932
PAGE BLOCKS 1 3,GBC,GEOMETRIC MEAN SCORE,0.9604822944394724,0.9624048244182076,0.9977448748885748
YEAST 4,LR,ROC AUC,0.8828448343290102,0.8822498565892581,0.8839122775665526
YEAST 4,LR,F1,0.0,0.3304976756177851,0.38854502823969705
YEAST 4,LR,GEOMETRIC MEAN SCORE,0.0,0.8261145889170052,0.8498452829766988
YEAST 4,KNN,ROC AUC,0.8280659598169596,0.838399945884236,0.8320989975961219
YEAST 4,KNN,F1,0.18259697644439235,0.42958149855273847,0.3990751246868153
YEAST 4,KNN,GEOMETRIC MEAN SCORE,0.3342159754589894,0.7543386571463435,0.744093524862502
YEAST 4,DT,ROC AUC,0.7864619770019292,0.8266821793179329,0.8456232108270509
YEAST 4,DT,F1,0.29770065150328184,0.27034351375492516,0.3547524484995439
YEAST 4,DT,GEOMETRIC MEAN SCORE,0.4897804885004718,0.6487064097351356,0.7417863078613137
YEAST 4,GBC,ROC AUC,0.9268708506339867,0.8917848997499462,0.926932428896204
YEAST 4,GBC,F1,0.2985151216957147,0.34622155848570946,0.40057247753573394
YEAST 4,GBC,GEOMETRIC MEAN SCORE,0.48072235586416606,0.6304355395215877,0.6660378143738158
VEHICLE (3),LR,ROC AUC,0.9899549464660852,0.9900252511524896,0.9901303004714728
VEHICLE (3),LR,F1,0.849210470939339,0.8655674523084642,0.8587899409056448
VEHICLE (3),LR,GEOMETRIC MEAN SCORE,0.8989000327107033,0.9217676517989227,0.9198727696178696
VEHICLE (3),KNN,ROC AUC,0.9121847381037177,0.9085657606485504,0.9121847381037177
VEHICLE (3),KNN,F1,0.5442730247779336,0.6273853559385443,0.6897284697719717
VEHICLE (3),KNN,GEOMETRIC MEAN SCORE,0.6432148478021344,0.860195046526627,0.8478630011755808
VEHICLE (3),DT,ROC AUC,0.9153480563816843,0.9223198620526893,0.9153480563816843
VEHICLE (3),DT,F1,0.6435254298524465,0.7272674428512811,0.7171106624823315
VEHICLE (3),DT,GEOMETRIC MEAN SCORE,0.7606632503951716,0.8818125523290268,0.8798726187882043
VEHICLE (3),GBC,ROC AUC,0.9797158755268527,0.9825434797983642,0.9860196205726882
VEHICLE (3),GBC,F1,0.7450133185351315,0.7581423215538166,0.804242430564915
VEHICLE (3),GBC,GEOMETRIC MEAN SCORE,0.7984706676965763,0.8528777050332457,0.867898253745914
PAGE BLOCKS 0 (3),LR,ROC AUC,0.9197010384382875,0.9474245516765132,0.9478143929032311
PAGE BLOCKS 0 (3),LR,F1,0.38570115764429325,0.5150739539485218,0.5516252558868493
PAGE BLOCKS 0 (3),LR,GEOMETRIC MEAN SCORE,0.5114350195851044,0.8993578379199303,0.8955079569437525
PAGE BLOCKS 0 (3),KNN,ROC AUC,0.875091228408355,0.8832245983428599,0.8758717516648667
PAGE BLOCKS 0 (3),KNN,F1,0.5979600670128419,0.6312535875722579,0.6694003461584308
PAGE BLOCKS 0 (3),KNN,GEOMETRIC MEAN SCORE,0.7019062371815898,0.8319506827500218,0.8489678310483546
PAGE BLOCKS 0 (3),DT,ROC AUC,0.8574114676796204,0.924412195488103,0.9406169032953927
PAGE BLOCKS 0 (3),DT,F1,0.6995704448122821,0.6069692082884306,0.734794917564221
PAGE BLOCKS 0 (3),DT,GEOMETRIC MEAN SCORE,0.7817383671502087,0.9019013795822879,0.876260849723959
PAGE BLOCKS 0 (3),GBC,ROC AUC,0.986576059235144,0.9841828054334667,0.9869100976219418
PAGE BLOCKS 0 (3),GBC,F1,0.756836922460296,0.7550586276602937,0.7723118569630509
PAGE BLOCKS 0 (3),GBC,GEOMETRIC MEAN SCORE,0.842480046827947,0.9102147725493674,0.9261178677558524
GLASS (2),LR,ROC AUC,0.8104473506009818,0.8103785762654476,0.8262442864398172
GLASS (2),LR,F1,0.2572865845951617,0.5056367092325286,0.512243086623487
GLASS (2),LR,GEOMETRIC MEAN SCORE,0.39883939260764745,0.7322757155936488,0.7275865540013859
GLASS (2),KNN,ROC AUC,0.7867519468427291,0.7996233282546132,0.7931691213814118
GLASS (2),KNN,F1,0.5124312979547373,0.5398913575161548,0.5239838181467925
GLASS (2),KNN,GEOMETRIC MEAN SCORE,0.6579637004155788,0.7369391346298244,0.7284031127818443
GLASS (2),DT,ROC AUC,0.8036492720501099,0.7929389918740477,0.8211893727780599
GLASS (2),DT,F1,0.5258904321328417,0.5832668262835861,0.673766238619287
GLASS (2),DT,GEOMETRIC MEAN SCORE,0.6634389543126367,0.7495510168399478,0.8102397259905566
GLASS (2),GBC,ROC AUC,0.9230415185373286,0.9037370915862536,0.9423909133231758
GLASS (2),GBC,F1,0.6341205349585238,0.6247476968195937,0.7045719901865153
GLASS (2),GBC,GEOMETRIC MEAN SCORE,0.7473629960934844,0.7714154685569203,0.8057935718560556
HEART,LR,ROC AUC,0.9003333333333332,0.9015,0.9010833333333333
HEART,LR,F1,0.8273716487571909,0.8292724458204335,0.8308526614154188
HEART,LR,GEOMETRIC MEAN SCORE,0.8435685342580254,0.8451079833370956,0.8468145697633764
HEART,KNN,ROC AUC,0.6860833333333334,0.6839999999999999,0.6913750000000001
HEART,KNN,F1,0.6017094017094017,0.614117319374981,0.6166927759291658
HEART,KNN,GEOMETRIC MEAN SCORE,0.6434815743118425,0.64212467014271,0.6537632912822315
HEART,DT,ROC AUC,0.7621249999999999,0.7804166666666668,0.7687083333333332
HEART,DT,F1,0.741683514718745,0.7313481914504933,0.7454459265883366
HEART,DT,GEOMETRIC MEAN SCORE,0.7641275305758757,0.7574175701995105,0.7683596103318312
HEART,GBC,ROC AUC,0.8680416666666667,0.8738333333333334,0.8715833333333334
HEART,GBC,F1,0.7506721803486924,0.7588786671361697,0.753998925645267
HEART,GBC,GEOMETRIC MEAN SCORE,0.7775599928807948,0.7837066986474128,0.7806894108361381
IRIS (2),LR,ROC AUC,1.0,1.0,1.0
IRIS (2),LR,F1,1.0,1.0,1.0
IRIS (2),LR,GEOMETRIC MEAN SCORE,1.0,1.0,1.0
IRIS (2),KNN,ROC AUC,1.0,1.0,1.0
IRIS (2),KNN,F1,1.0,1.0,1.0
IRIS (2),KNN,GEOMETRIC MEAN SCORE,1.0,1.0,1.0
IRIS (2),DT,ROC AUC,1.0,1.0,1.0
IRIS (2),DT,F1,1.0,1.0,1.0
IRIS (2),DT,GEOMETRIC MEAN SCORE,1.0,1.0,1.0
IRIS (2),GBC,ROC AUC,1.0,1.0,1.0
IRIS (2),GBC,F1,1.0,1.0,1.0
IRIS (2),GBC,GEOMETRIC MEAN SCORE,1.0,1.0,1.0
IRIS,LR,ROC AUC,1.0,1.0,1.0
IRIS,LR,F1,1.0,1.0,1.0
IRIS,LR,GEOMETRIC MEAN SCORE,1.0,1.0,1.0
IRIS,KNN,ROC AUC,1.0,1.0,1.0
IRIS,KNN,F1,1.0,1.0,1.0
IRIS,KNN,GEOMETRIC MEAN SCORE,1.0,1.0,1.0
IRIS,DT,ROC AUC,1.0,1.0,1.0
IRIS,DT,F1,1.0,1.0,1.0
IRIS,DT,GEOMETRIC MEAN SCORE,1.0,1.0,1.0
IRIS,GBC,ROC AUC,1.0,1.0,1.0
IRIS,GBC,F1,1.0,1.0,1.0
IRIS,GBC,GEOMETRIC MEAN SCORE,1.0,1.0,1.0
ECOLI,LR,ROC AUC,0.9342474136600019,0.9296648375039949,0.9364160960825788
ECOLI,LR,F1,0.34282756580893226,0.6474371628230047,0.7530583938478674
ECOLI,LR,GEOMETRIC MEAN SCORE,0.4579759734884029,0.8750209118701517,0.8989021572681544
ECOLI,KNN,ROC AUC,0.9480344669907281,0.9336296611932069,0.9485296246936002
ECOLI,KNN,F1,0.8672969187675069,0.8258774080202651,0.8672969187675069
ECOLI,KNN,GEOMETRIC MEAN SCORE,0.9269256081098317,0.9307950941551423,0.933204766680678
ECOLI,DT,ROC AUC,0.8806421604351582,0.9032515124377485,0.9221559501460159
ECOLI,DT,F1,0.7437280161140006,0.7726833976833977,0.81495896424077
ECOLI,DT,GEOMETRIC MEAN SCORE,0.8441901365356803,0.8901815233952574,0.9069388198427561
ECOLI,GBC,ROC AUC,0.9517951441494852,0.9583546790465594,0.9588521909479233
ECOLI,GBC,F1,0.8023215551576894,0.8365656479627068,0.866346874771414
ECOLI,GBC,GEOMETRIC MEAN SCORE,0.8773213188217315,0.9001363331033219,0.9160940792079173
YEAST 1 (2),LR,ROC AUC,0.7619087882829017,0.7635607746695621,0.7733748105202354
YEAST 1 (2),LR,F1,0.044976087198309415,0.4275523651739635,0.4767938897087055
YEAST 1 (2),LR,GEOMETRIC MEAN SCORE,0.14711494755490206,0.6893777435358149,0.710984678929064
YEAST 1 (2),KNN,ROC AUC,0.6982785590915608,0.7109641334533883,0.7081602664279428
YEAST 1 (2),KNN,F1,0.3252097581838219,0.41102939018596063,0.39681076832960616
YEAST 1 (2),KNN,GEOMETRIC MEAN SCORE,0.4954574994815458,0.6616827563085436,0.651619531771512
YEAST 1 (2),DT,ROC AUC,0.705022759065829,0.7396179369586746,0.7483014671156326
YEAST 1 (2),DT,F1,0.34343055629604297,0.4477483815213751,0.4602414937350782
YEAST 1 (2),DT,GEOMETRIC MEAN SCORE,0.5043571227395757,0.689353873723026,0.6987103946453572
YEAST 1 (2),GBC,ROC AUC,0.7944477404821026,0.7711086700946119,0.7943964583647044
YEAST 1 (2),GBC,F1,0.36930203977559606,0.4467354924707978,0.454866362479305
YEAST 1 (2),GBC,GEOMETRIC MEAN SCORE,0.5176388222812363,0.6651166168606053,0.6800687545577068
IRIS (3),LR,ROC AUC,1.0,1.0,1.0
IRIS (3),LR,F1,1.0,1.0,1.0
IRIS (3),LR,GEOMETRIC MEAN SCORE,1.0,1.0,1.0
IRIS (3),KNN,ROC AUC,1.0,1.0,1.0
IRIS (3),KNN,F1,1.0,1.0,1.0
IRIS (3),KNN,GEOMETRIC MEAN SCORE,1.0,1.0,1.0
IRIS (3),DT,ROC AUC,1.0,1.0,1.0
IRIS (3),DT,F1,1.0,1.0,1.0
IRIS (3),DT,GEOMETRIC MEAN SCORE,1.0,1.0,1.0
IRIS (3),GBC,ROC AUC,1.0,1.0,1.0
IRIS (3),GBC,F1,1.0,1.0,1.0
IRIS (3),GBC,GEOMETRIC MEAN SCORE,1.0,1.0,1.0
LED,LR,ROC AUC,0.9553092658606536,0.9470281478530715,0.9553092658606536
LED,LR,F1,0.7249360421369451,0.6243146074733714,0.7717266430584715
LED,LR,GEOMETRIC MEAN SCORE,0.8122757521002424,0.88407866591636,0.8732837184980841
LED,KNN,ROC AUC,0.939525639701579,0.9169104335508199,0.939525639701579
LED,KNN,F1,0.6204386238032226,0.6977059654403126,0.6204386238032226
LED,KNN,GEOMETRIC MEAN SCORE,0.7560645117229375,0.8948391341121565,0.7560645117229375
LED,DT,ROC AUC,0.9198730007138587,0.9282419418540119,0.9310071788743282
LED,DT,F1,0.7936418359668925,0.7936418359668925,0.7936418359668925
LED,DT,GEOMETRIC MEAN SCORE,0.902178072839246,0.902178072839246,0.902178072839246
LED,GBC,ROC AUC,0.9470497726207459,0.9519219703856538,0.9470497726207459
LED,GBC,F1,0.7798481428278269,0.81596123857386,0.7798481428278269
LED,GBC,GEOMETRIC MEAN SCORE,0.8604287479396534,0.9044470616414254,0.8604287479396534
ECOLI (3),LR,ROC AUC,0.9301882861532853,0.9312486436278724,0.9301882861532853
ECOLI (3),LR,F1,0.0,0.4850959496876615,0.6256154698015164
ECOLI (3),LR,GEOMETRIC MEAN SCORE,0.0,0.9071896067181294,0.9128751937073263
ECOLI (3),KNN,ROC AUC,0.9597121204793281,0.9598787914863856,0.9597121204793281
ECOLI (3),KNN,F1,0.839334253786081,0.8004746084480304,0.839334253786081
ECOLI (3),KNN,GEOMETRIC MEAN SCORE,0.8930771460188626,0.9478401184636434,0.9494175498938341
ECOLI (3),DT,ROC AUC,0.8520579963019871,0.8712905780036434,0.8935050081909375
ECOLI (3),DT,F1,0.6856342715977267,0.6810329205678043,0.7909979002171692
ECOLI (3),DT,GEOMETRIC MEAN SCORE,0.7922406345301496,0.7823640594776908,0.8613695926954752
ECOLI (3),GBC,ROC AUC,0.9190151281221361,0.9554589095202133,0.9587132105374769
ECOLI (3),GBC,F1,0.7100537889574434,0.7388150609080841,0.7392452508731577
ECOLI (3),GBC,GEOMETRIC MEAN SCORE,0.7934729298872447,0.7998162701652402,0.813211699624837
GLASS (3),LR,ROC AUC,0.7905439121756486,0.7851439977188479,0.7905439121756486
GLASS (3),LR,F1,0.0,0.36834115488571284,0.39974596262021406
GLASS (3),LR,GEOMETRIC MEAN SCORE,0.0,0.6803790872351765,0.7245696856710117
GLASS (3),KNN,ROC AUC,0.7457673937838608,0.7546558668377532,0.7551504134587966
GLASS (3),KNN,F1,0.43877081002829504,0.387536039033045,0.46233247790134024
GLASS (3),KNN,GEOMETRIC MEAN SCORE,0.6026027406556497,0.6526161151946348,0.6888662452061018
GLASS (3),DT,ROC AUC,0.6812713857998288,0.6821624607927004,0.7582379883090961
GLASS (3),DT,F1,0.3296348479511565,0.39143038727770196,0.4512995986049878
GLASS (3),DT,GEOMETRIC MEAN SCORE,0.5267194992032895,0.6452575284510133,0.670032764348211
GLASS (3),GBC,ROC AUC,0.8512795836897633,0.8292878528656973,0.859450741374394
GLASS (3),GBC,F1,0.34970059880239523,0.4031513063418293,0.5462912410473171
GLASS (3),GBC,GEOMETRIC MEAN SCORE,0.5331933719241512,0.6098160333888949,0.6705567453660126
HABERMAN (3),LR,ROC AUC,0.6770370370370371,0.6948148148148148,0.7358024691358025
HABERMAN (3),LR,F1,0.0,0.3470808246670316,0.40055555555555555
HABERMAN (3),LR,GEOMETRIC MEAN SCORE,0.0,0.6557048407762616,0.6625672947767681
HABERMAN (3),KNN,ROC AUC,0.6195061728395062,0.6222222222222221,0.6396296296296295
HABERMAN (3),KNN,F1,0.17777777777777776,0.23562393319999814,0.31520724231721675
HABERMAN (3),KNN,GEOMETRIC MEAN SCORE,0.2957027525092905,0.5356880255543264,0.5432682533341597
HABERMAN (3),DT,ROC AUC,0.6246913580246913,0.7054320987654321,0.6959259259259261
HABERMAN (3),DT,F1,0.14892514892514894,0.36129020316603944,0.4081501287383641
HABERMAN (3),DT,GEOMETRIC MEAN SCORE,0.3242522204533943,0.6899853536930108,0.6607786432903753
HABERMAN (3),GBC,ROC AUC,0.6762962962962964,0.6788888888888889,0.6775308641975308
HABERMAN (3),GBC,F1,0.18614718614718617,0.37123015873015874,0.3594774372073223
HABERMAN (3),GBC,GEOMETRIC MEAN SCORE,0.36658544599898024,0.6111089273243885,0.6189145630740971
MANDELON 2 (3),LR,ROC AUC,0.7853308501021103,0.7726550117168431,0.7937169829115752
MANDELON 2 (3),LR,F1,0.11060888519230218,0.1365475236695175,0.13408303981077294
MANDELON 2 (3),LR,GEOMETRIC MEAN SCORE,0.2687505246248263,0.4287260951978426,0.46590591138377785
MANDELON 2 (3),KNN,ROC AUC,0.49211898825207634,0.5670610028738821,0.5499721353216331
MANDELON 2 (3),KNN,F1,0.0,0.025587878489106056,0.01078491167853646
MANDELON 2 (3),KNN,GEOMETRIC MEAN SCORE,0.0,0.30460300742332624,0.19795212531738182
MANDELON 2 (3),DT,ROC AUC,0.7720912709385317,0.7857930022608444,0.8249944470255617
MANDELON 2 (3),DT,F1,0.6601709439593397,0.40337775610813154,0.6717188954390318
MANDELON 2 (3),DT,GEOMETRIC MEAN SCORE,0.7493788864314086,0.7910647770969681,0.8346546337555034
MANDELON 2 (3),GBC,ROC AUC,0.846055439583906,0.9156723607094303,0.9121293051293139
MANDELON 2 (3),GBC,F1,0.6124863430683442,0.7515630645590581,0.6753022279693892
MANDELON 2 (3),GBC,GEOMETRIC MEAN SCORE,0.748223683868481,0.8177461465836857,0.8076923184839255
NEW THYROID 2 (2),LR,ROC AUC,0.9989001692047377,1.0,1.0
NEW THYROID 2 (2),LR,F1,0.9633389734912577,0.9700046146746655,0.9633389734912577
NEW THYROID 2 (2),LR,GEOMETRIC MEAN SCORE,0.9651663320558098,0.9972388699633937,0.9944542396764536
NEW THYROID 2 (2),KNN,ROC AUC,0.9421319796954315,0.9825930626057529,0.9441624365482234
NEW THYROID 2 (2),KNN,F1,0.7846587704455725,0.8750705019740552,0.8954314720812183
NEW THYROID 2 (2),KNN,GEOMETRIC MEAN SCORE,0.8055613670788659,0.9042709503581663,0.932956958166751
NEW THYROID 2 (2),DT,ROC AUC,0.9637901861252115,0.9665820642978005,0.9637901861252115
NEW THYROID 2 (2),DT,F1,0.8887804243134192,0.9145516074450084,0.8887804243134192
NEW THYROID 2 (2),DT,GEOMETRIC MEAN SCORE,0.9624601805921884,0.9652637895524349,0.9624601805921884
NEW THYROID 2 (2),GBC,ROC AUC,0.9665820642978005,1.0,0.9903130287648055
NEW THYROID 2 (2),GBC,F1,0.9145516074450084,0.9145516074450084,0.9145516074450084
NEW THYROID 2 (2),GBC,GEOMETRIC MEAN SCORE,0.9652637895524349,0.9652637895524349,0.9652637895524349
VEHICLE (2),LR,ROC AUC,0.9939117309386654,0.993607415626011,0.9939117309386654
VEHICLE (2),LR,F1,0.9143031609956659,0.914535877246677,0.918413321061117
VEHICLE (2),LR,GEOMETRIC MEAN SCORE,0.9518438400380165,0.9644627832202318,0.9687307393402111
VEHICLE (2),KNN,ROC AUC,0.973817279451203,0.9662325140813124,0.973817279451203
VEHICLE (2),KNN,F1,0.739783764778271,0.7575572452518046,0.7776521495928385
VEHICLE (2),KNN,GEOMETRIC MEAN SCORE,0.8070028924448621,0.9090076230965043,0.9150309369320163
VEHICLE (2),DT,ROC AUC,0.9459042975109282,0.9356315856415224,0.9521936868476943
VEHICLE (2),DT,F1,0.7815597290769222,0.7603492191330388,0.8110363685779509
VEHICLE (2),DT,GEOMETRIC MEAN SCORE,0.8671267404750738,0.8836316239758201,0.8900872671452741
VEHICLE (2),GBC,ROC AUC,0.9898834868627249,0.9911010800588548,0.9914052799122005
VEHICLE (2),GBC,F1,0.8472184809376431,0.8789106111239471,0.8971670704429562
VEHICLE (2),GBC,GEOMETRIC MEAN SCORE,0.889354563617899,0.9398089673250607,0.9488692936088727
LIBRAS,LR,ROC AUC,0.9211309523809524,0.9445684523809523,0.9423363095238094
LIBRAS,LR,F1,0.35555555555555557,0.7431827431827432,0.6921966921966922
LIBRAS,LR,GEOMETRIC MEAN SCORE,0.4023689270621825,0.8733753718565436,0.8675053676081252
LIBRAS,KNN,ROC AUC,0.8969494047619048,0.9620535714285714,0.9053199404761905
LIBRAS,KNN,F1,0.5185185185185185,0.6845238095238095,0.6904761904761905
LIBRAS,KNN,GEOMETRIC MEAN SCORE,0.6147130449799441,0.8891156759668131,0.8656805238947294
LIBRAS,DT,ROC AUC,0.6187686011904762,0.8541666666666667,0.783110119047619
LIBRAS,DT,F1,0.34318459318459316,0.727579365079365,0.59281045751634
LIBRAS,DT,GEOMETRIC MEAN SCORE,0.5076936894863154,0.8575474631713984,0.7357924487723726
LIBRAS,GBC,ROC AUC,0.9016927083333333,0.9458705357142856,0.9672619047619048
LIBRAS,GBC,F1,0.5865800865800865,0.774333269070111,0.7659451659451659
LIBRAS,GBC,GEOMETRIC MEAN SCORE,0.6696790367337242,0.8425090922362057,0.7930392382397318
VEHICLE,LR,ROC AUC,0.993266733058076,0.9927045666740522,0.9933339513071717
VEHICLE,LR,F1,0.935516765611313,0.9385055190304453,0.940153497009106
VEHICLE,LR,GEOMETRIC MEAN SCORE,0.9623471265195832,0.9667076983201331,0.9655489610614064
VEHICLE,KNN,ROC AUC,0.9757073809459139,0.9780255117014849,0.9758535498796521
VEHICLE,KNN,F1,0.8791749151528254,0.8764219173674048,0.8809234229026662
VEHICLE,KNN,GEOMETRIC MEAN SCORE,0.9250344551981206,0.9471257640265465,0.9434184787204773
VEHICLE,DT,ROC AUC,0.9512627435635838,0.9559970305044185,0.9598098119937345
VEHICLE,DT,F1,0.8514241498974584,0.8803871016825067,0.8673277082819066
VEHICLE,DT,GEOMETRIC MEAN SCORE,0.9120068303623329,0.9372599282759574,0.9352119250324553
VEHICLE,GBC,ROC AUC,0.9941267233439475,0.9959499565595857,0.9949538618329231
VEHICLE,GBC,F1,0.9128059347458802,0.9276179999224798,0.9291715912426936
VEHICLE,GBC,GEOMETRIC MEAN SCORE,0.944774018761453,0.9624581589259591,0.9650869432074628
YEAST 5,LR,ROC AUC,0.9868285521755872,0.9857831752984212,0.9868285521755872
YEAST 5,LR,F1,0.0,0.44647115930248965,0.62721000583583
YEAST 5,LR,GEOMETRIC MEAN SCORE,0.0,0.961037605470234,0.9693099258293403
YEAST 5,KNN,ROC AUC,0.9825399499422409,0.99170191366641,0.9835149832338594
YEAST 5,KNN,F1,0.6877462160481028,0.7181865958532516,0.7525518347935644
YEAST 5,KNN,GEOMETRIC MEAN SCORE,0.8095032347438619,0.97465643065145,0.9779737043446736
YEAST 5,DT,ROC AUC,0.9424778490405596,0.9764614218328841,0.9634510171993326
YEAST 5,DT,F1,0.785701072881983,0.7198307083751827,0.785701072881983
YEAST 5,DT,GEOMETRIC MEAN SCORE,0.9100172959090653,0.9656215353404608,0.9632116745609463
YEAST 5,GBC,ROC AUC,0.9880635508920548,0.99030963210756,0.991742224602105
YEAST 5,GBC,F1,0.7245292013588025,0.7885951982032136,0.7752969413204449
YEAST 5,GBC,GEOMETRIC MEAN SCORE,0.8531585526322015,0.9388329556483707,0.919309431228506
HABERMAN (2),LR,ROC AUC,0.7376131038772548,0.7651800400857004,0.7643848227244453
HABERMAN (2),LR,F1,0.11119496855345913,0.4901183364453566,0.4816074639684371
HABERMAN (2),LR,GEOMETRIC MEAN SCORE,0.21559358259241135,0.720749628675156,0.7250670535384264
HABERMAN (2),KNN,ROC AUC,0.645262976017693,0.6624242172921418,0.66718439422213
HABERMAN (2),KNN,F1,0.3011680143755616,0.35160360989556616,0.400522747692559
HABERMAN (2),KNN,GEOMETRIC MEAN SCORE,0.4772534023437914,0.6128373200560109,0.6152615717317991
HABERMAN (2),DT,ROC AUC,0.6345846983205474,0.7399829981339416,0.7074347225101942
HABERMAN (2),DT,F1,0.30342172312273513,0.4427084040620025,0.4513959274824597
HABERMAN (2),DT,GEOMETRIC MEAN SCORE,0.4975037905634704,0.7052990600624867,0.6633190578784118
HABERMAN (2),GBC,ROC AUC,0.6847403414195867,0.7435415025226346,0.716495818646762
HABERMAN (2),GBC,F1,0.2721100445032918,0.39790513409251216,0.4082333870018299
HABERMAN (2),GBC,GEOMETRIC MEAN SCORE,0.45823266494982684,0.6384534496347953,0.6365914458530103
VOWEL,LR,ROC AUC,0.9849666793043839,0.9900708671279433,0.990052367540926
VOWEL,LR,F1,0.8014864581301164,0.746011625676175,0.8193779734001421
VOWEL,LR,GEOMETRIC MEAN SCORE,0.8630754241797179,0.9584317451042936,0.956919181428428
VOWEL,KNN,ROC AUC,1.0,1.0,1.0
VOWEL,KNN,F1,1.0,0.9972705249883852,1.0
VOWEL,KNN,GEOMETRIC MEAN SCORE,1.0,0.9997213421047707,1.0
VOWEL,DT,ROC AUC,0.9502684471179235,0.965699875653889,0.9672616097743717
VOWEL,DT,F1,0.8759941230065394,0.883768846369575,0.910862596252292
VOWEL,DT,GEOMETRIC MEAN SCORE,0.933075984057232,0.9646988550730178,0.9603347281987575
VOWEL,GBC,ROC AUC,0.9963806536859257,0.9994432239268096,0.9982181777765742
VOWEL,GBC,F1,0.9312817515622892,0.9487317125689811,0.9481348233154958
VOWEL,GBC,GEOMETRIC MEAN SCORE,0.961142933362414,0.9882816226957042,0.9744793009780803
EUCALYPTUS (2),LR,ROC AUC,0.8278557166702005,0.8882672687458891,0.8899796864118388
EUCALYPTUS (2),LR,F1,0.07637028954358584,0.3964745354640732,0.435859256158322
EUCALYPTUS (2),LR,GEOMETRIC MEAN SCORE,0.16444281514709994,0.796937324875203,0.8209774491469729
EUCALYPTUS (2),KNN,ROC AUC,0.6712032666691162,0.7369577983696939,0.6738277709079015
EUCALYPTUS (2),KNN,F1,0.18149640543179196,0.3312200241558477,0.2957247079805168
EUCALYPTUS (2),KNN,GEOMETRIC MEAN SCORE,0.3394159706694305,0.6551557432738035,0.6346719293655514
EUCALYPTUS (2),DT,ROC AUC,0.8811009940362187,0.8381979242564527,0.8811009940362187
EUCALYPTUS (2),DT,F1,0.41461081949599515,0.4009036812590855,0.45914407123004275
EUCALYPTUS (2),DT,GEOMETRIC MEAN SCORE,0.613596032568654,0.7215459391672878,0.7680932851885459
EUCALYPTUS (2),GBC,ROC AUC,0.8986853339800869,0.8867542880583008,0.9123823118549657
EUCALYPTUS (2),GBC,F1,0.4718558902686222,0.44941764033045706,0.5094959650986359
EUCALYPTUS (2),GBC,GEOMETRIC MEAN SCORE,0.6324641901869057,0.6813826889632053,0.7009352878965689
YEAST 6,LR,ROC AUC,0.934508114156245,0.9325398199402066,0.9422615306097083
YEAST 6,LR,F1,0.0,0.31834246978118563,0.4095475557681618
YEAST 6,LR,GEOMETRIC MEAN SCORE,0.0,0.8844700745070506,0.890812149614755
YEAST 6,KNN,ROC AUC,0.85161716823354,0.8942732137974139,0.8640144872364637
YEAST 6,KNN,F1,0.4516340970350404,0.5222698741299383,0.49629404468924565
YEAST 6,KNN,GEOMETRIC MEAN SCORE,0.6242511124070348,0.8546774793014646,0.7795313297694733
YEAST 6,DT,ROC AUC,0.8077381681660657,0.8442536786136633,0.843627591986903
YEAST 6,DT,F1,0.4443763783386425,0.4621820394789603,0.4443763783386425
YEAST 6,DT,GEOMETRIC MEAN SCORE,0.6497470049434826,0.8539167216326038,0.8405943586377347
YEAST 6,GBC,ROC AUC,0.8899600475211339,0.9470908208163569,0.9354632723959895
YEAST 6,GBC,F1,0.4623325497030986,0.5915925116963076,0.5409934539853678
YEAST 6,GBC,GEOMETRIC MEAN SCORE,0.645309544526516,0.8152135834606979,0.7839747261799707
BREAST TISSUE,LR,ROC AUC,0.8750683620453924,0.882357465135357,0.8864506426032266
BREAST TISSUE,LR,F1,0.6628930817610063,0.6970967537005273,0.697138144873994
BREAST TISSUE,LR,GEOMETRIC MEAN SCORE,0.7336226491268174,0.7596631993970341,0.7613198071294953
BREAST TISSUE,KNN,ROC AUC,0.763552775499043,0.7771055509980859,0.7926151900464862
BREAST TISSUE,KNN,F1,0.6048016448959844,0.6080172797153929,0.6361184196415166
BREAST TISSUE,KNN,GEOMETRIC MEAN SCORE,0.6950266568174346,0.6925927823852271,0.7178441605379382
BREAST TISSUE,DT,ROC AUC,0.8381357670221492,0.8423998496035001,0.8467408394859175
BREAST TISSUE,DT,F1,0.7139470347881037,0.6879190093736656,0.7230626196335794
BREAST TISSUE,DT,GEOMETRIC MEAN SCORE,0.7772330508772134,0.7608768365659256,0.7871697616285009
BREAST TISSUE,GBC,ROC AUC,0.8559697156138911,0.8642329778506972,0.8866258203445447
BREAST TISSUE,GBC,F1,0.7078206179928903,0.6948123077171761,0.723080051048496
BREAST TISSUE,GBC,GEOMETRIC MEAN SCORE,0.7753313403883387,0.7661865045594813,0.7914794970712251
EUCALYPTUS (3),LR,ROC AUC,0.7553090967887239,0.8484514066351083,0.8878391885125311
EUCALYPTUS (3),LR,F1,0.0,0.31114792828461674,0.3245180272240805
EUCALYPTUS (3),LR,GEOMETRIC MEAN SCORE,0.0,0.7760692774942828,0.7904887891916652
EUCALYPTUS (3),KNN,ROC AUC,0.6836843726216999,0.6981537207517008,0.6836843726216999
EUCALYPTUS (3),KNN,F1,0.04761904761904762,0.2484508832891784,0.25912659273317484
EUCALYPTUS (3),KNN,GEOMETRIC MEAN SCORE,0.09994696958751786,0.6316614808818746,0.6206599356259965
EUCALYPTUS (3),DT,ROC AUC,0.7684689768296467,0.8082467817058632,0.8324120048632306
EUCALYPTUS (3),DT,F1,0.25274725274725274,0.2997176024393766,0.34760514222872124
EUCALYPTUS (3),DT,GEOMETRIC MEAN SCORE,0.5006319011103804,0.6979255074297042,0.7623874363034789
EUCALYPTUS (3),GBC,ROC AUC,0.8621281553774648,0.8859226356248111,0.8692243060423309
EUCALYPTUS (3),GBC,F1,0.3095951343500363,0.2968324311937251,0.3676483620788812
EUCALYPTUS (3),GBC,GEOMETRIC MEAN SCORE,0.5215139722533463,0.5888852353171872,0.6273605859113126
MANDELON 2,LR,ROC AUC,0.7672341475450283,0.7683296323710831,0.7744534912410559
MANDELON 2,LR,F1,0.2549863405167954,0.22818008710859672,0.2591311177447073
MANDELON 2,LR,GEOMETRIC MEAN SCORE,0.49663436507358694,0.5600537290557182,0.5693319604364208
MANDELON 2,KNN,ROC AUC,0.526345916604984,0.5000024673081669,0.5561830742659758
MANDELON 2,KNN,F1,0.0,0.06769830140055802,0.08139689057120249
MANDELON 2,KNN,GEOMETRIC MEAN SCORE,0.0,0.025905428119860355,0.379267355601342
MANDELON 2,DT,ROC AUC,0.8664199358499877,0.8971699975326919,0.8837725141870219
MANDELON 2,DT,F1,0.7014792877187151,0.7456894644340974,0.7125148838204045
MANDELON 2,DT,GEOMETRIC MEAN SCORE,0.7662837526449201,0.8754431154961557,0.8597821124688456
MANDELON 2,GBC,ROC AUC,0.9157044164816186,0.9308364174685417,0.9419639773007649
MANDELON 2,GBC,F1,0.6988768216838392,0.8878297604494207,0.8574810630370677
MANDELON 2,GBC,GEOMETRIC MEAN SCORE,0.765048959144418,0.895039000313749,0.8805000600765551
WINE (2),LR,ROC AUC,0.9896510375383614,0.989680507286141,0.9904924496473793
WINE (2),LR,F1,0.8535322607582252,0.9017114810072556,0.8881036803572013
WINE (2),LR,GEOMETRIC MEAN SCORE,0.8929827390380208,0.9397355605909539,0.92799868218485
WINE (2),KNN,ROC AUC,0.845754323923338,0.8072165315123062,0.8463305083023394
WINE (2),KNN,F1,0.6301875423664984,0.5942857205363277,0.6777264376774481
WINE (2),KNN,GEOMETRIC MEAN SCORE,0.7499622268730242,0.7452009743072269,0.7747329869140868
WINE (2),DT,ROC AUC,0.9343729040912139,0.9095177123346136,0.9325041156027072
WINE (2),DT,F1,0.9097374099670485,0.8634347145675989,0.9043265654533259
WINE (2),DT,GEOMETRIC MEAN SCORE,0.9310321779735304,0.90658798242064,0.9288949789440657
WINE (2),GBC,ROC AUC,0.9910686340263806,0.9835868747840579,0.99367060951568
WINE (2),GBC,F1,0.9229288776135072,0.8921065523576239,0.9229288776135072
WINE (2),GBC,GEOMETRIC MEAN SCORE,0.9356606728308362,0.924734380267164,0.9356606728308362
YEAST 4 (2),LR,ROC AUC,0.902647418328353,0.9078090081847172,0.902647418328353
YEAST 4 (2),LR,F1,0.0,0.22426180982495064,0.23212933967283567
YEAST 4 (2),LR,GEOMETRIC MEAN SCORE,0.0,0.8294520947642452,0.8694676783864937
YEAST 4 (2),KNN,ROC AUC,0.822143115094064,0.8576207423613993,0.8344884440356038
YEAST 4 (2),KNN,F1,0.11418773270625122,0.38032429390454076,0.310333067040027
YEAST 4 (2),KNN,GEOMETRIC MEAN SCORE,0.23471840728145796,0.7861001180261286,0.6527901310201488
YEAST 4 (2),DT,ROC AUC,0.8175606215020068,0.7775490206067184,0.8588598491882034
YEAST 4 (2),DT,F1,0.20523372375224228,0.30422765746980174,0.3337893171771018
YEAST 4 (2),DT,GEOMETRIC MEAN SCORE,0.31468645202807827,0.7401722013631401,0.8230236969457029
YEAST 4 (2),GBC,ROC AUC,0.8999717476314939,0.9172841077167282,0.9298332807076515
YEAST 4 (2),GBC,F1,0.34904631262655955,0.45901964976039045,0.4280070815794182
YEAST 4 (2),GBC,GEOMETRIC MEAN SCORE,0.5331768079142343,0.7375809520991607,0.7278217188705532
HEART (2),LR,ROC AUC,0.8793333333333333,0.8856666666666666,0.8986666666666667
HEART (2),LR,F1,0.7431754617109309,0.753060333060333,0.7693184062843506
HEART (2),LR,GEOMETRIC MEAN SCORE,0.8035738276853687,0.8335679522286634,0.8382599466220966
HEART (2),KNN,ROC AUC,0.6438333333333334,0.6708333333333334,0.6605833333333334
HEART (2),KNN,F1,0.4005847953216374,0.4819125881501297,0.4907269627471652
HEART (2),KNN,GEOMETRIC MEAN SCORE,0.5396429695765379,0.6196193957120688,0.6222108885857187
HEART (2),DT,ROC AUC,0.8214166666666667,0.83125,0.8369166666666668
HEART (2),DT,F1,0.7130245544879692,0.6737274406637399,0.7033606155393182
HEART (2),DT,GEOMETRIC MEAN SCORE,0.792841501537719,0.7679118320043292,0.7899565431199769
HEART (2),GBC,ROC AUC,0.8836666666666668,0.8846666666666667,0.8846666666666667
HEART (2),GBC,F1,0.7042039580059666,0.7459456133874739,0.7520706935341082
HEART (2),GBC,GEOMETRIC MEAN SCORE,0.7715940666111682,0.8116810363069318,0.8126986603598841
WINE (3),LR,ROC AUC,0.9810531135531135,0.9751053113553114,0.983919413919414
WINE (3),LR,F1,0.7848055790363483,0.779260576025282,0.8463003663003663
WINE (3),LR,GEOMETRIC MEAN SCORE,0.8451225340799952,0.8688572122447664,0.887121942319438
WINE (3),KNN,ROC AUC,0.7789819902319903,0.8167239010989011,0.7827434371184371
WINE (3),KNN,F1,0.5203155818540434,0.5550225447849106,0.5315233785822021
WINE (3),KNN,GEOMETRIC MEAN SCORE,0.6605143407549879,0.7795039810768976,0.7445133627645016
WINE (3),DT,ROC AUC,0.9166880341880341,0.8861858974358974,0.9213461538461538
WINE (3),DT,F1,0.8755586080586081,0.8265483234714004,0.8946520146520147
WINE (3),DT,GEOMETRIC MEAN SCORE,0.9119946948644875,0.8815579554272438,0.9164034170970343
WINE (3),GBC,ROC AUC,0.9982371794871796,0.9923611111111111,0.9976495726495727
WINE (3),GBC,F1,0.8936263736263736,0.8968498168498169,0.9086446886446886
WINE (3),GBC,GEOMETRIC MEAN SCORE,0.907259638877171,0.9162560639190356,0.9284207116524821
LIVER (3),LR,ROC AUC,0.6734674546986475,0.68422920450898,0.6997395947316205
LIVER (3),LR,F1,0.22560280221570544,0.40787569514105204,0.4470985604724991
LIVER (3),LR,GEOMETRIC MEAN SCORE,0.37327852174210896,0.6385603666007078,0.6628551842082702
LIVER (3),KNN,ROC AUC,0.6345842497556207,0.644482664800995,0.6615602055247953
LIVER (3),KNN,F1,0.27738269794721404,0.3872012716005998,0.4180010484233744
LIVER (3),KNN,GEOMETRIC MEAN SCORE,0.4338030073377885,0.6030925315475122,0.6247412060876761
LIVER (3),DT,ROC AUC,0.5831748971418567,0.61176559126107,0.627267461264061
LIVER (3),DT,F1,0.28608476519708653,0.353242287805528,0.3585246298991084
LIVER (3),DT,GEOMETRIC MEAN SCORE,0.4686420952609678,0.5717970950317979,0.5598135089102714
LIVER (3),GBC,ROC AUC,0.7004042858471572,0.7057764125669308,0.7271132652354065
LIVER (3),GBC,F1,0.32945751069874496,0.3646667780508809,0.35440026509096306
LIVER (3),GBC,GEOMETRIC MEAN SCORE,0.4834571417618021,0.5444245676985613,0.531533456491143
LIVER,LR,ROC AUC,0.7225547951271044,0.7157985473602652,0.7232230427813073
LIVER,LR,F1,0.5845529464782357,0.6299941365779701,0.626925207460507
LIVER,LR,GEOMETRIC MEAN SCORE,0.6493043579716353,0.6675927360442564,0.6790247765293025
LIVER,KNN,ROC AUC,0.6835694848603906,0.6704978901772496,0.6910817549543562
LIVER,KNN,F1,0.5941775044893074,0.5977809555841985,0.614869943999005
LIVER,KNN,GEOMETRIC MEAN SCORE,0.6560550277425641,0.642187743916686,0.6679522542598091
LIVER,DT,ROC AUC,0.6832250179288282,0.6963018744604798,0.69823922964364
LIVER,DT,F1,0.5709690599682274,0.6158865281258527,0.611871053183185
LIVER,DT,GEOMETRIC MEAN SCORE,0.6333928643050919,0.6601621066295743,0.657780922042605
LIVER,GBC,ROC AUC,0.7682579722251317,0.7599776612019358,0.7729848411942599
LIVER,GBC,F1,0.6693062559629275,0.6583949689109946,0.6697298469324855
LIVER,GBC,GEOMETRIC MEAN SCORE,0.7173193269296199,0.7048177339254338,0.7173573587983872
VOWEL (3),LR,ROC AUC,0.9593534723023104,0.9829619204820668,0.985634538499981
VOWEL (3),LR,F1,0.6111709770114943,0.5279611103196217,0.6975809698518493
VOWEL (3),LR,GEOMETRIC MEAN SCORE,0.6815443452600126,0.8918194172841798,0.9107690397905084
VOWEL (3),KNN,ROC AUC,0.945488085284281,0.9662571358551495,0.9482720779033561
VOWEL (3),KNN,F1,0.49824744221295947,0.9297054597701149,0.9042427315753889
VOWEL (3),KNN,GEOMETRIC MEAN SCORE,0.5760277537377502,0.962234635514847,0.9275014076439492
VOWEL (3),DT,ROC AUC,0.8785071827067235,0.9243314550657362,0.9127790371641102
VOWEL (3),DT,F1,0.7733684966727163,0.7161501354717247,0.807280649328697
VOWEL (3),DT,GEOMETRIC MEAN SCORE,0.8588717474745653,0.934133288912579,0.9082016182381316
VOWEL (3),GBC,ROC AUC,0.9931513209741283,0.9993875297927959,0.9970490115519164
VOWEL (3),GBC,F1,0.7909553189091728,0.8839226389240447,0.8453242004605835
VOWEL (3),GBC,GEOMETRIC MEAN SCORE,0.8343938345554863,0.995534423279187,0.9275030049125585
DERMATOLOGY,LR,ROC AUC,1.0,1.0,1.0
DERMATOLOGY,LR,F1,0.9746454662655779,0.9746454662655779,0.9746454662655779
DERMATOLOGY,LR,GEOMETRIC MEAN SCORE,0.9985252322510834,0.9985252322510834,0.9985252322510834
DERMATOLOGY,KNN,ROC AUC,0.9751765747456841,0.9739052895469751,0.9754218194916272
DERMATOLOGY,KNN,F1,0.9076063601203266,0.8908465835840137,0.9076063601203266
DERMATOLOGY,KNN,GEOMETRIC MEAN SCORE,0.9709019108491093,0.9695133159049056,0.9709019108491093
DERMATOLOGY,DT,ROC AUC,0.9590781534347066,0.9985168339348396,0.9985168339348396
DERMATOLOGY,DT,F1,0.9347970465288901,0.9776536312849162,0.9776536312849162
DERMATOLOGY,DT,GEOMETRIC MEAN SCORE,0.9573626319298281,0.9985135379939739,0.9985135379939739
DERMATOLOGY,GBC,ROC AUC,0.9985168339348396,0.9985168339348396,0.9985168339348396
DERMATOLOGY,GBC,F1,0.9776536312849162,0.9776536312849162,0.9776536312849162
DERMATOLOGY,GBC,GEOMETRIC MEAN SCORE,0.9985135379939739,0.9985135379939739,0.9985135379939739
WINE,LR,ROC AUC,0.9847846441947565,0.9865402621722846,0.9869303995006242
WINE,LR,F1,0.9222589410295954,0.9350737417017598,0.9330587896351281
WINE,LR,GEOMETRIC MEAN SCORE,0.933195415444482,0.9477980581840952,0.9455281216035702
WINE,KNN,ROC AUC,0.8701885162956243,0.8574810407797706,0.8723403296345407
WINE,KNN,F1,0.729085010016549,0.7361873066333778,0.7371470502297661
WINE,KNN,GEOMETRIC MEAN SCORE,0.7710170187973784,0.7740077950864174,0.7781022045868117
WINE,DT,ROC AUC,0.933248423942122,0.9332923325656595,0.9438126642938562
WINE,DT,F1,0.920831155634155,0.91920443797547,0.9314113969681536
WINE,DT,GEOMETRIC MEAN SCORE,0.9317752448863756,0.9322796912607793,0.9430306285973817
WINE,GBC,ROC AUC,0.9890761548064918,0.9858026360682687,0.9896540426950784
WINE,GBC,F1,0.9360921514194969,0.9206845077596699,0.9466083776258944
WINE,GBC,GEOMETRIC MEAN SCORE,0.9454339075793281,0.9308896280552379,0.9523439531468715
MANDELON 1 (2),LR,ROC AUC,0.8486157317150077,0.8421458017950567,0.8486157317150077
MANDELON 1 (2),LR,F1,0.07606873862918659,0.1372478278688395,0.17575249275252292
MANDELON 1 (2),LR,GEOMETRIC MEAN SCORE,0.16427080598343133,0.7512957331649419,0.7636855468800134
MANDELON 1 (2),KNN,ROC AUC,0.5246024228842581,0.577142338948722,0.5283452491821223
MANDELON 1 (2),KNN,F1,0.0,0.061497712630050994,0.05185373716806651
MANDELON 1 (2),KNN,GEOMETRIC MEAN SCORE,0.0,0.39773177337718113,0.20266841222727264
MANDELON 1 (2),DT,ROC AUC,0.771351364127788,0.6744846977327514,0.8075194208492926
MANDELON 1 (2),DT,F1,0.2638828872126149,0.13550513349051627,0.2687449797695225
MANDELON 1 (2),DT,GEOMETRIC MEAN SCORE,0.4498894124698053,0.6187778345632646,0.713872075264453
MANDELON 1 (2),GBC,ROC AUC,0.8321526491538511,0.815860494564808,0.8279358778129341
MANDELON 1 (2),GBC,F1,0.31901617862721565,0.27289926809707526,0.34076625674112954
MANDELON 1 (2),GBC,GEOMETRIC MEAN SCORE,0.4780844346194646,0.6475249272590673,0.6484765404691747
YEAST 5 (2),LR,ROC AUC,0.9858362240244934,0.9863279468764251,0.9877022465963129
YEAST 5 (2),LR,F1,0.0,0.3232429999625498,0.45453180262833853
YEAST 5 (2),LR,GEOMETRIC MEAN SCORE,0.0,0.9664283992662913,0.9767695093893052
YEAST 5 (2),KNN,ROC AUC,0.9697265243306626,0.989703490407791,0.9800511265552732
YEAST 5 (2),KNN,F1,0.40164413789584785,0.5287932896536828,0.5589708009608652
YEAST 5 (2),KNN,GEOMETRIC MEAN SCORE,0.5902757814013262,0.8932682968162537,0.8979958495844315
YEAST 5 (2),DT,ROC AUC,0.8777080381571234,0.8948205735782686,0.9417964424141749
YEAST 5 (2),DT,F1,0.4953127580861706,0.440078765084165,0.5633872425041819
YEAST 5 (2),DT,GEOMETRIC MEAN SCORE,0.758904477510528,0.7805917458174754,0.9376184665681996
YEAST 5 (2),GBC,ROC AUC,0.9798505594098104,0.9824551332160771,0.9870057325255683
YEAST 5 (2),GBC,F1,0.3524564224300685,0.5022880527039817,0.4992296918767507
YEAST 5 (2),GBC,GEOMETRIC MEAN SCORE,0.577026673786921,0.7303324023109066,0.7482790355606446
NEW THYROID 1 (2),LR,ROC AUC,1.0,1.0,1.0
NEW THYROID 1 (2),LR,F1,0.9329949238578681,0.9742288168684107,0.9742288168684107
NEW THYROID 1 (2),LR,GEOMETRIC MEAN SCORE,0.9385216971636037,0.9971963910397535,0.9971963910397535
NEW THYROID 1 (2),KNN,ROC AUC,0.8439932318104906,0.9494923857868021,0.8455583756345177
NEW THYROID 1 (2),KNN,F1,0.6425875309124041,0.8036803579950789,0.702909019914096
NEW THYROID 1 (2),KNN,GEOMETRIC MEAN SCORE,0.7166782756377709,0.9216158235569788,0.8155924224068262
NEW THYROID 1 (2),DT,ROC AUC,0.8230329949238577,0.9385786802030457,0.928849407783418
NEW THYROID 1 (2),DT,F1,0.6356494605225569,0.8851341551849166,0.8033961808073482
NEW THYROID 1 (2),DT,GEOMETRIC MEAN SCORE,0.8001961819606298,0.9328906174504644,0.9240940037611276
NEW THYROID 1 (2),GBC,ROC AUC,0.8967005076142134,0.9976734348561761,0.9963409475465312
NEW THYROID 1 (2),GBC,F1,0.7508785630613041,0.8851341551849166,0.8149423898154862
NEW THYROID 1 (2),GBC,GEOMETRIC MEAN SCORE,0.8547615662411563,0.9328906174504644,0.9244803403419484
YEAST 3 (3),LR,ROC AUC,0.9679957609490077,0.9701191038398831,0.9709813609190233
YEAST 3 (3),LR,F1,0.0,0.4581489049937751,0.5377913686959518
YEAST 3 (3),LR,GEOMETRIC MEAN SCORE,0.0,0.9183638383468111,0.9111949634983872
YEAST 3 (3),KNN,ROC AUC,0.9201778414947247,0.9353176524053147,0.9223118316748188
YEAST 3 (3),KNN,F1,0.5921689149560118,0.6066517987431799,0.6466820279657488
YEAST 3 (3),KNN,GEOMETRIC MEAN SCORE,0.7133898834929814,0.905203251799316,0.882690752914909
YEAST 3 (3),DT,ROC AUC,0.9281896591143344,0.9201268932366335,0.9317437379359457
YEAST 3 (3),DT,F1,0.620544850498339,0.6110347587232665,0.6384163444598903
YEAST 3 (3),DT,GEOMETRIC MEAN SCORE,0.7691753134023465,0.9127671201353059,0.9338896481406987
YEAST 3 (3),GBC,ROC AUC,0.9676166376192349,0.9675954892149699,0.9719169056052173
YEAST 3 (3),GBC,F1,0.6221126265955534,0.6148749271241921,0.6520639745756025
YEAST 3 (3),GBC,GEOMETRIC MEAN SCORE,0.7861808236319192,0.8951006813379518,0.8845587102145259
PIMA (3),LR,ROC AUC,0.7991858130611948,0.8268569407065471,0.8295198731700828
PIMA (3),LR,F1,0.2338171828752718,0.4910940556285317,0.4879588574312912
PIMA (3),LR,GEOMETRIC MEAN SCORE,0.36319380072715374,0.7561768080077851,0.7646583473705942
PIMA (3),KNN,ROC AUC,0.6967160302422624,0.7110288482065676,0.7031866512445595
PIMA (3),KNN,F1,0.2713973145498569,0.383726546909756,0.39490504350187594
PIMA (3),KNN,GEOMETRIC MEAN SCORE,0.4523604249463112,0.6655317274636687,0.6486408695582239
PIMA (3),DT,ROC AUC,0.7383691471528012,0.753791073609648,0.7520021091656547
PIMA (3),DT,F1,0.3873994179078924,0.4539073394332462,0.46153456164230966
PIMA (3),DT,GEOMETRIC MEAN SCORE,0.5250199685228717,0.7171653438932953,0.7229127411370444
PIMA (3),GBC,ROC AUC,0.8158147118970709,0.815002858106114,0.8329325218645117
PIMA (3),GBC,F1,0.42488336823529127,0.48787737407864373,0.4732621218350771
PIMA (3),GBC,GEOMETRIC MEAN SCORE,0.5792724917073777,0.7007896229236057,0.6844194433621665
LIVER (2),LR,ROC AUC,0.6824774855668183,0.6745608521563307,0.6828960977199563
LIVER (2),LR,F1,0.30147633833592086,0.48296489900440115,0.4778968689817043
LIVER (2),LR,GEOMETRIC MEAN SCORE,0.44096905900731187,0.6377335344510922,0.6317378524547007
LIVER (2),KNN,ROC AUC,0.6524757354603985,0.6165800031427089,0.653471498207492
LIVER (2),KNN,F1,0.3661715023847377,0.4244035447883269,0.41384652089286267
LIVER (2),KNN,GEOMETRIC MEAN SCORE,0.5075559419121406,0.5866477322626038,0.5768398757305275
LIVER (2),DT,ROC AUC,0.6790618161698194,0.642354321307899,0.6790618161698194
LIVER (2),DT,F1,0.4398865650342568,0.4621704710642457,0.4738625041664855
LIVER (2),DT,GEOMETRIC MEAN SCORE,0.5732311714851528,0.6154033965618415,0.6249491365409573
LIVER (2),GBC,ROC AUC,0.719461578304999,0.7011789939008167,0.7357999753072871
LIVER (2),GBC,F1,0.48482859963207253,0.43379368792971734,0.5245366884915599
LIVER (2),GBC,GEOMETRIC MEAN SCORE,0.6071698246024025,0.5830214120719955,0.6327202660762465
MANDELON 2 (2),LR,ROC AUC,0.8274351740376161,0.8225030892488601,0.82862248637163
MANDELON 2 (2),LR,F1,0.15265764564599335,0.19729869033755726,0.19409847884880393
MANDELON 2 (2),LR,GEOMETRIC MEAN SCORE,0.38807767202660004,0.49913551472617435,0.586176348579995
MANDELON 2 (2),KNN,ROC AUC,0.5129081310197519,0.594183161267001,0.5672557647889418
MANDELON 2 (2),KNN,F1,0.0,0.03763165259172662,0.03335529714907153
MANDELON 2 (2),KNN,GEOMETRIC MEAN SCORE,0.0,0.304053066284251,0.23029474970149172
MANDELON 2 (2),DT,ROC AUC,0.8052375846773303,0.8791001991072069,0.8750298243674415
MANDELON 2 (2),DT,F1,0.6601212297642332,0.552022972536356,0.6605750504111749
MANDELON 2 (2),DT,GEOMETRIC MEAN SCORE,0.738071284738756,0.8441348659818331,0.8632453290840283
MANDELON 2 (2),GBC,ROC AUC,0.8971657835964928,0.9194887634286071,0.9061382469618617
MANDELON 2 (2),GBC,F1,0.6459313420969341,0.7935664377387697,0.7899543903071918
MANDELON 2 (2),GBC,GEOMETRIC MEAN SCORE,0.762253235491312,0.8525287807714108,0.8525177371290558
LED (2),LR,ROC AUC,0.9677746819377647,0.9624375051383236,0.9677746819377647
LED (2),LR,F1,0.0,0.6553037579327813,0.5972877358490566
LED (2),LR,GEOMETRIC MEAN SCORE,0.0,0.8975423255943893,0.8316134562108066
LED (2),KNN,ROC AUC,0.9027093738438773,0.9043517747769969,0.9027093738438773
LED (2),KNN,F1,0.6960090640029597,0.6918596340766152,0.6960090640029597
LED (2),KNN,GEOMETRIC MEAN SCORE,0.9003922486086194,0.8227400050600953,0.9003922486086194
LED (2),DT,ROC AUC,0.9757808967402474,0.9725992146072264,0.9757808967402474
LED (2),DT,F1,0.7228109940374092,0.7631197418933269,0.7631197418933269
LED (2),DT,GEOMETRIC MEAN SCORE,0.9015407243664846,0.9049494304341817,0.9049494304341817
LED (2),GBC,ROC AUC,0.9739324490278292,0.9813225145928393,0.9741377250585769
LED (2),GBC,F1,0.6825022461814916,0.726841868823001,0.6825022461814916
LED (2),GBC,GEOMETRIC MEAN SCORE,0.8365231453718921,0.8729004136820482,0.8365231453718921
MANDELON 1,LR,ROC AUC,0.8545650179097317,0.8492207306350165,0.8545650179097317
MANDELON 1,LR,F1,0.13801623236990396,0.27996473592213156,0.32920694984525734
MANDELON 1,LR,GEOMETRIC MEAN SCORE,0.27529639169206005,0.7900359849262171,0.7849571282147171
MANDELON 1,KNN,ROC AUC,0.6446682117084698,0.6944122660549921,0.650130220138728
MANDELON 1,KNN,F1,0.06358589981447124,0.18948323133513884,0.18008281809541876
MANDELON 1,KNN,GEOMETRIC MEAN SCORE,0.15198945944753428,0.6175774820744215,0.49868017226479694
MANDELON 1,DT,ROC AUC,0.8091301905821557,0.8152569190815162,0.8140048210819187
MANDELON 1,DT,F1,0.47349912114912107,0.33511217707846025,0.4744312889812889
MANDELON 1,DT,GEOMETRIC MEAN SCORE,0.6084665534367645,0.7933870361593651,0.7887177476607856
MANDELON 1,GBC,ROC AUC,0.8484818797531793,0.8469629355845962,0.8469065766733672
MANDELON 1,GBC,F1,0.48312573855389074,0.45239744485016176,0.4917801493800414
MANDELON 1,GBC,GEOMETRIC MEAN SCORE,0.621883714331789,0.7576374454437582,0.7618441917586025
PIMA,LR,ROC AUC,0.826119291153767,0.828149622643639,0.830978978518662
PIMA,LR,F1,0.6246224516705662,0.6802828019762679,0.6855300425858193
PIMA,LR,GEOMETRIC MEAN SCORE,0.6967029422867107,0.7525542226512819,0.7579664007778024
PIMA,KNN,ROC AUC,0.7383466951244329,0.7281177263052053,0.7405313404594989
PIMA,KNN,F1,0.5713877687714363,0.6041763335238872,0.5943578448703928
PIMA,KNN,GEOMETRIC MEAN SCORE,0.663551877736168,0.6802617990884026,0.681609285371412
PIMA,DT,ROC AUC,0.766214464988386,0.752893415644809,0.8024403300566598
PIMA,DT,F1,0.5938932593962043,0.6439868531088824,0.6549179707293866
PIMA,DT,GEOMETRIC MEAN SCORE,0.6790494502427128,0.712017350700235,0.7120222881032056
PIMA,GBC,ROC AUC,0.8215903537722751,0.8203689351813654,0.8255337162984026
PIMA,GBC,F1,0.6056643413169964,0.6712739501578159,0.6699034668325028
PIMA,GBC,GEOMETRIC MEAN SCORE,0.6872077391846627,0.744501274667432,0.7444159929779994
PAGE BLOCKS 0,LR,ROC AUC,0.940606860369297,0.9507101682067067,0.9585139656424816
PAGE BLOCKS 0,LR,F1,0.6989433739464773,0.6714805543520753,0.7403648719242838
PAGE BLOCKS 0,LR,GEOMETRIC MEAN SCORE,0.7588488461174405,0.8838191827176795,0.8891772070932962
PAGE BLOCKS 0,KNN,ROC AUC,0.9410529379261983,0.9465836797034914,0.9413122136389352
PAGE BLOCKS 0,KNN,F1,0.7918246863929482,0.7876361125325957,0.8075746331145741
PAGE BLOCKS 0,KNN,GEOMETRIC MEAN SCORE,0.8531822440025351,0.9116859373844421,0.9170980073292262
PAGE BLOCKS 0,DT,ROC AUC,0.9335569009480709,0.9455118835392391,0.9474935879527884
PAGE BLOCKS 0,DT,F1,0.8476854090451416,0.7721039116639226,0.8462395607410427
PAGE BLOCKS 0,DT,GEOMETRIC MEAN SCORE,0.9051821824893265,0.9242224902883313,0.9362218391261276
PAGE BLOCKS 0,GBC,ROC AUC,0.9910014673217975,0.9901174929811815,0.9911883225471396
PAGE BLOCKS 0,GBC,F1,0.8708901344486188,0.8587326119865233,0.8829327454512238
PAGE BLOCKS 0,GBC,GEOMETRIC MEAN SCORE,0.9192599021817045,0.9492423392394871,0.9531861602425492
YEAST 1 (3),LR,ROC AUC,0.7552646732552072,0.7677206598483306,0.7696183929128686
YEAST 1 (3),LR,F1,0.0,0.3604871727562292,0.39610608925885027
YEAST 1 (3),LR,GEOMETRIC MEAN SCORE,0.0,0.7024836044079079,0.7127006981360406
YEAST 1 (3),KNN,ROC AUC,0.6886057720740636,0.7150625366894225,0.6970485271275539
YEAST 1 (3),KNN,F1,0.18333832962057506,0.35962073006092354,0.32527963637425705
YEAST 1 (3),KNN,GEOMETRIC MEAN SCORE,0.35543535552473715,0.6624025924750567,0.6346131431879358
YEAST 1 (3),DT,ROC AUC,0.6706370585064685,0.7241296244642637,0.7227781450716173
YEAST 1 (3),DT,F1,0.24000654334610763,0.37978956115295476,0.3573141084008334
YEAST 1 (3),DT,GEOMETRIC MEAN SCORE,0.4227768100927844,0.6850760371555057,0.671892723227696
YEAST 1 (3),GBC,ROC AUC,0.7439324430045334,0.7447881627159813,0.7536226823045167
YEAST 1 (3),GBC,F1,0.201126993983752,0.3843042292619919,0.38341838252839744
YEAST 1 (3),GBC,GEOMETRIC MEAN SCORE,0.361499402868535,0.6558658748705544,0.6799621808072993
