Dataset,Classifier,Metric,NO OVERSAMPLING,RANDOM OVERSAMPLING,SMOTE,G-SMOTE
HEART,LR,AUC,0.8824016967751356,0.9435164306645448,0.9419979676485292,0.9464390476293496
HEART,LR,F-SCORE,0.3589256586290781,0.44865194147241055,0.4493458378592546,0.4698852249310293
HEART,LR,G-MEAN,0.488146916410637,0.8985081135914731,0.8989711989662833,0.9017035753542421
HEART,KNN,AUC,0.8792399739787807,0.8783788810176046,0.9251525178522424,0.9309744123640455
HEART,KNN,F-SCORE,0.6271805223382347,0.6434682057704116,0.6014336800196355,0.6653153313042739
HEART,KNN,G-MEAN,0.7263150683153015,0.8298421185630169,0.8773633863202189,0.8777039821650715
HEART,DT,AUC,0.8866669039538077,0.944350318131353,0.9519721197433344,0.9526016407139558
HEART,DT,F-SCORE,0.7391543283926904,0.6134949054302111,0.6370238862058457,0.7059628342672903
HEART,DT,G-MEAN,0.8386541517401168,0.893236002270215,0.920962172452943,0.9262966406670436
HEART,GBC,AUC,0.9863174461459258,0.9838199468277852,0.9883583930983352,0.9896298343055436
HEART,GBC,F-SCORE,0.7493820700161232,0.7646115745100364,0.7411108985772449,0.7753599988194447
HEART,GBC,G-MEAN,0.8461773856835834,0.9332239868347848,0.9452615763588688,0.9535297714328922
LIVER,LR,AUC,0.7209341397849464,0.7153748506571088,0.7323364695340501,0.7321983273596177
LIVER,LR,F-SCORE,0.15597037371230918,0.4250591036281828,0.4403395702558751,0.4422495139407563
LIVER,LR,G-MEAN,0.2766116429449991,0.651820211454867,0.6655879279756666,0.6696398665091973
LIVER,KNN,AUC,0.6275761648745519,0.6446255227001195,0.6260528673835125,0.6584808094384708
LIVER,KNN,F-SCORE,0.29957213838792784,0.3625466650845881,0.3907978059667436,0.4186887607758411
LIVER,KNN,G-MEAN,0.45032549604585853,0.5814458448680511,0.6020097615845056,0.6171230706548818
LIVER,DT,AUC,0.5140774342891278,0.5549525836320192,0.6000522700119474,0.6348043608124253
LIVER,DT,F-SCORE,0.3340268896826621,0.31301622212912544,0.3606277255430929,0.3970312414792923
LIVER,DT,G-MEAN,0.496881677211135,0.5265883941784693,0.5757273852979472,0.6013207925598597
LIVER,GBC,AUC,0.7110065710872161,0.6718712664277181,0.6808878434886498,0.7070937873357228
LIVER,GBC,F-SCORE,0.3970726853791369,0.4172264172857153,0.3636790896216415,0.4600370313028097
LIVER,GBC,G-MEAN,0.5366810187939784,0.5946510115156962,0.5661321468570768,0.631336572974127
WINE,LR,AUC,1.0,1.0,1.0,1.0
WINE,LR,F-SCORE,1.0,1.0,1.0,1.0
WINE,LR,G-MEAN,1.0,1.0,1.0,1.0
WINE,KNN,AUC,1.0,1.0,1.0,1.0
WINE,KNN,F-SCORE,1.0,1.0,1.0,1.0
WINE,KNN,G-MEAN,1.0,1.0,1.0,1.0
WINE,DT,AUC,1.0,1.0,1.0,1.0
WINE,DT,F-SCORE,1.0,1.0,1.0,1.0
WINE,DT,G-MEAN,1.0,1.0,1.0,1.0
WINE,GBC,AUC,1.0,1.0,1.0,1.0
WINE,GBC,F-SCORE,1.0,1.0,1.0,1.0
WINE,GBC,G-MEAN,1.0,1.0,1.0,1.0
PIMA,LR,AUC,0.993594360793474,0.9914538917551312,0.9916120798895024,0.996429987891918
PIMA,LR,F-SCORE,0.905671533262504,0.917862909578826,0.9110058986060846,0.9181112557208779
PIMA,LR,G-MEAN,0.9458055418059907,0.9664610566603421,0.9595879623433328,0.978634524524319
PIMA,KNN,AUC,0.9769772875225948,0.972825204137901,0.9779032552849908,0.9833454158928908
PIMA,KNN,F-SCORE,0.8058781329329107,0.7961433127691869,0.8065367819853141,0.8316295011507443
PIMA,KNN,G-MEAN,0.8748208188508865,0.9298202728054168,0.9469017153816652,0.9458427108650792
PIMA,DT,AUC,0.9366394468308058,0.9404683354201552,0.9366574076481424,0.9542984087762686
PIMA,DT,F-SCORE,0.7593465253614204,0.7681593291890106,0.7573073828548429,0.7833071117168164
PIMA,DT,G-MEAN,0.8445512229863749,0.9174419820590852,0.902531276232332,0.9272808149104126
PIMA,GBC,AUC,0.9906555965122912,0.9921008857542668,0.991321963835508,0.9953090303922648
PIMA,GBC,F-SCORE,0.8611228090263907,0.8689663551674522,0.8590472743438685,0.9034349369791724
PIMA,GBC,G-MEAN,0.91476850840221,0.9310538287192344,0.9293176294397476,0.958976216828213
BREAST TISSUE,LR,AUC,0.9867332667332668,0.9854578754578756,0.986098346098346,0.9867499167499167
BREAST TISSUE,LR,F-SCORE,0.8388461538461538,0.830883190883191,0.8256928256928256,0.8671639471639473
BREAST TISSUE,LR,G-MEAN,0.8772464023692196,0.9023712131709326,0.8957787437198791,0.9375880908669392
BREAST TISSUE,KNN,AUC,0.8347236097236097,0.8183161283161283,0.8217737817737817,0.8493240093240093
BREAST TISSUE,KNN,F-SCORE,0.5125824175824176,0.5491269414346337,0.5137286644978953,0.6027206127206127
BREAST TISSUE,KNN,G-MEAN,0.5997711949511172,0.7797484077710632,0.7270215277404736,0.798888587807889
BREAST TISSUE,DT,AUC,0.8970929070929071,0.849943944943945,0.8617551892551892,0.940378787878788
BREAST TISSUE,DT,F-SCORE,0.8440309690309692,0.7732639582639583,0.7972927072927073,0.887004107004107
BREAST TISSUE,DT,G-MEAN,0.8927999125593543,0.8360108216856424,0.8531986493993059,0.938372271037618
BREAST TISSUE,GBC,AUC,0.9697818847818848,0.9646964146964148,0.9693531468531468,0.998111888111888
BREAST TISSUE,GBC,F-SCORE,0.8819780219780221,0.8104391904391907,0.8375189625189625,0.9617049617049616
BREAST TISSUE,GBC,G-MEAN,0.9011189610058684,0.8512568251858711,0.8763656877062754,0.9701229257091708
IRIS,LR,AUC,1.0,1.0,1.0,1.0
IRIS,LR,F-SCORE,1.0,1.0,1.0,1.0
IRIS,LR,G-MEAN,1.0,1.0,1.0,1.0
IRIS,KNN,AUC,0.9737509257851394,0.9696832956479516,0.9696832956479516,0.9778167166141032
IRIS,KNN,F-SCORE,0.8866631196240135,0.8263190564866542,0.8203600248292986,0.8549968963376785
IRIS,KNN,G-MEAN,0.9671058328614364,0.9630397596893929,0.9625412931514687,0.9653317468195788
IRIS,DT,AUC,0.9817614196516596,0.9736143060576188,0.9654671924635776,0.9985211961879724
IRIS,DT,F-SCORE,0.9584996009577016,0.9460406136383788,0.9335816263190564,0.9776536312849164
IRIS,DT,G-MEAN,0.9805526447087592,0.9701715947942016,0.9597905448796444,0.9985157190616836
IRIS,GBC,AUC,0.9985211961879724,0.9985211961879724,0.9985211961879724,1.0
IRIS,GBC,F-SCORE,0.9776536312849164,0.9776536312849164,0.9776536312849164,0.9776536312849164
IRIS,GBC,G-MEAN,0.9985157190616836,0.9985157190616836,0.9985157190616836,0.9985157190616836
GLASS,LR,AUC,0.9587968091140648,0.9884923358269656,0.9865127477578716,0.9892965790149618
GLASS,LR,F-SCORE,0.6357268808777429,0.5336760580369039,0.5371262542625438,0.5660930925606783
GLASS,LR,G-MEAN,0.7022570400360189,0.9545593339542664,0.9339523011662202,0.9623213766309896
GLASS,KNN,AUC,0.9432081467122584,0.9492397030651342,0.999814415708812,0.9984843670847692
GLASS,KNN,F-SCORE,0.3997844827586207,0.8872452978056428,0.976717607105538,0.9818769592476491
GLASS,KNN,G-MEAN,0.4616313574770499,0.9087195907746451,0.9867331661310852,0.9826305192860196
GLASS,DT,AUC,0.9208452061794988,0.9419984541888741,0.9546813907796258,0.9949889231361974
GLASS,DT,F-SCORE,0.8737395506792058,0.7294684429414399,0.6912962259596386,0.859941934333415
GLASS,DT,G-MEAN,0.9142931561887236,0.93668525823433,0.9298808780198148,0.9932857032116459
GLASS,GBC,AUC,0.9975253588386592,0.9985152699294364,0.9991338619369706,1.0
GLASS,GBC,F-SCORE,0.9118790692066554,0.8516131138975966,0.8535736772805738,0.9837030785306649
GLASS,GBC,G-MEAN,0.9296827767738001,0.9127395315861824,0.971451314644859,0.998884838587646
YEAST 1,LR,AUC,0.8528221801457571,0.8459757423834428,0.8464626494122055,0.8491198017500398
YEAST 1,LR,F-SCORE,0.14049302644890882,0.21913836849367252,0.21805107609045507,0.2296314903860764
YEAST 1,LR,G-MEAN,0.2592011158944757,0.7895077372401355,0.7781193856820259,0.7924178714922943
YEAST 1,KNN,AUC,0.6686637566694373,0.6668417247291432,0.714214225115422,0.7514123695962142
YEAST 1,KNN,F-SCORE,0.08427763203085785,0.1968259039241601,0.17281288350041654,0.2567116672306728
YEAST 1,KNN,G-MEAN,0.19222107142357647,0.5249093282417455,0.6741086696859174,0.6791005092371475
YEAST 1,DT,AUC,0.8311472917189929,0.8074850947200009,0.8623046070422485,0.8538830628893391
YEAST 1,DT,F-SCORE,0.4825682926829267,0.3514090260326417,0.3823483642806829,0.4594122037458416
YEAST 1,DT,G-MEAN,0.5961486782812541,0.8039970073350395,0.8022470189231456,0.8202741680332205
YEAST 1,GBC,AUC,0.8324724263615165,0.8475184636611711,0.8479396721359159,0.869916010042363
YEAST 1,GBC,F-SCORE,0.4907837369729318,0.4839680513105546,0.4303528594440309,0.5019256711191017
YEAST 1,GBC,G-MEAN,0.6121584968176171,0.7805497464214118,0.7802187595365119,0.8199360219951318
HEART (2),LR,AUC,0.8168664530903368,0.8215647635758879,0.8180844941639357,0.8194086681583787
HEART (2),LR,F-SCORE,0.6036717414086651,0.6691874316258947,0.6680600717263449,0.6704043790742688
HEART (2),LR,G-MEAN,0.6811771819582008,0.7427312322936072,0.741453394016946,0.7436526270206598
HEART (2),KNN,AUC,0.7296322567089989,0.7170434497942956,0.7267296002363196,0.7365611886449744
HEART (2),KNN,F-SCORE,0.5648895212383811,0.575379990971458,0.584227700988664,0.5904830986322941
HEART (2),KNN,G-MEAN,0.6542589406704147,0.6596101274755272,0.6679574152967133,0.6757396442024053
HEART (2),DT,AUC,0.7928935485864018,0.7939684706148942,0.7831610594670053,0.7949641602529122
HEART (2),DT,F-SCORE,0.6255611384055108,0.6551706332957369,0.6475372398337734,0.6555301808799174
HEART (2),DT,G-MEAN,0.7040333517547858,0.7217727829283213,0.7131972256796201,0.7292953196211815
HEART (2),GBC,AUC,0.8345960525558871,0.834289015070754,0.8322600880584058,0.8365873020907225
HEART (2),GBC,F-SCORE,0.6346806441671128,0.6806575349990188,0.6935837502593629,0.6924627889654907
HEART (2),GBC,G-MEAN,0.7125330104794978,0.7536352014791531,0.7643322390870483,0.7631250124807453
HABERMAN,LR,AUC,0.961696188633794,0.9628850804580722,0.9639451347343664,0.9695577646726852
HABERMAN,LR,F-SCORE,0.0,0.4504054530742713,0.5099842767295598,0.4871331236897276
HABERMAN,LR,G-MEAN,0.0,0.8984164457591043,0.8632554504308102,0.9120286869524336
HABERMAN,KNN,AUC,0.8958018193258453,0.9172386237096124,0.8947055461339027,0.942418818733086
HABERMAN,KNN,F-SCORE,0.6851415094339622,0.4459071850581284,0.6745283018867924,0.661635220125786
HABERMAN,KNN,G-MEAN,0.8890284911686702,0.8523273956494307,0.8882834432158374,0.8864901972874432
HABERMAN,DT,AUC,0.9653084040667452,0.9695559892356436,0.9653127834781144,0.9697057177594836
HABERMAN,DT,F-SCORE,0.6888102725366876,0.5404874213836478,0.719077568134172,0.7359800838574423
HABERMAN,DT,G-MEAN,0.8892633055182223,0.9093005001589098,0.8912187678323814,0.9126767797108364
HABERMAN,GBC,AUC,0.974702448588078,0.9745238100310774,0.9709542050871242,0.9778977026318132
HABERMAN,GBC,F-SCORE,0.6923480083857442,0.4896180170181279,0.7359800838574423,0.7359800838574423
HABERMAN,GBC,G-MEAN,0.8646943071556658,0.8618676282928771,0.8922997796922392,0.8922997796922392
LIVER (2),LR,AUC,0.7332892416225749,0.7468400940623163,0.7405055849500295,0.7529247501469724
LIVER (2),LR,F-SCORE,0.0496031746031746,0.4073501362453175,0.40050913916460135,0.4341035455881394
LIVER (2),LR,G-MEAN,0.08673860481880953,0.6947941630986469,0.687140050737126,0.7113260863411227
LIVER (2),KNN,AUC,0.6950396825396825,0.6811875367430923,0.7404614932392711,0.7605085243974132
LIVER (2),KNN,F-SCORE,0.2219387755102041,0.337792595670747,0.3658922163520322,0.3780756436337204
LIVER (2),KNN,G-MEAN,0.3397233570530028,0.6397772218344454,0.6900865056384137,0.7041982138408317
LIVER (2),DT,AUC,0.5743386243386244,0.6381907701352146,0.6808568489124044,0.7697016460905349
LIVER (2),DT,F-SCORE,0.1072845804988662,0.32391113674530553,0.3581773216245426,0.4561208998337359
LIVER (2),DT,G-MEAN,0.19701328848465915,0.6045227337359185,0.6517967355206334,0.7394203327787764
LIVER (2),GBC,AUC,0.6559450323339212,0.6297619047619049,0.7211713697824808,0.7737654320987654
LIVER (2),GBC,F-SCORE,0.1971861471861472,0.3523200013248664,0.4232128839621837,0.4825693748466367
LIVER (2),GBC,G-MEAN,0.3098615054114438,0.6029360772821594,0.6570867023408199,0.7410031275972263
WINE (2),LR,AUC,0.8484110956750848,0.8138391757030607,0.8126508897668641,0.8299893759398751
WINE (2),LR,F-SCORE,0.036410196717495055,0.07712285652065361,0.07863746990083932,0.07954634117033083
WINE (2),LR,G-MEAN,0.06332653342513887,0.7255490021387545,0.7169832621404931,0.7513965833364896
WINE (2),KNN,AUC,0.5416899492177193,0.5420644910563276,0.6658244843359182,0.7219652953201345
WINE (2),KNN,F-SCORE,0.0,0.04772648651077116,0.06598115858363159,0.1216606033507442
WINE (2),KNN,G-MEAN,0.0,0.1546985819019888,0.5346259118597437,0.541117853541072
WINE (2),DT,AUC,0.7525203798001511,0.6591095339634201,0.7258170369080998,0.8530960247677113
WINE (2),DT,F-SCORE,0.19044997256264865,0.11040967507670683,0.10908823684083063,0.22491006260858906
WINE (2),DT,G-MEAN,0.352329407031366,0.6934863687045735,0.7221087206536964,0.8269480156541142
WINE (2),GBC,AUC,0.8379006633890693,0.7810193693184297,0.7945815832852924,0.8785785482839836
WINE (2),GBC,F-SCORE,0.16457696835889438,0.13951890627143376,0.1788630297310587,0.2952747246258428
WINE (2),GBC,G-MEAN,0.3029602625798912,0.5505669487815158,0.6644635457045752,0.8210675941939295
VEHICLE,LR,AUC,0.7106896551724139,0.7094827586206897,0.7118390804597702,0.7137356321839081
VEHICLE,LR,F-SCORE,0.5704252610134963,0.6146988351106496,0.6251527709893983,0.6359743056255261
VEHICLE,LR,G-MEAN,0.6332654740567595,0.6436926629498995,0.6534613046065739,0.6639929179641121
VEHICLE,KNN,AUC,0.6933620689655172,0.6854022988505747,0.6958045977011494,0.6963505747126435
VEHICLE,KNN,F-SCORE,0.5794694300935578,0.6015950168492604,0.6171251187975685,0.6150498771767262
VEHICLE,KNN,G-MEAN,0.6418976394090603,0.6444841090798409,0.6558155123313854,0.6575089910399178
VEHICLE,DT,AUC,0.6630172413793103,0.6374425287356322,0.6689942528735632,0.6855747126436782
VEHICLE,DT,F-SCORE,0.6013219191559651,0.5763788511940006,0.5806074288933584,0.6208227299399655
VEHICLE,DT,G-MEAN,0.6511600556313053,0.6284257230982692,0.6293634511562752,0.6640189481154853
VEHICLE,GBC,AUC,0.7587931034482759,0.7499712643678161,0.7638505747126437,0.7685919540229884
VEHICLE,GBC,F-SCORE,0.6474000952607764,0.6375041086771592,0.6634850155272414,0.6869951356579219
VEHICLE,GBC,G-MEAN,0.699404949818696,0.6843293396090964,0.7044692997747067,0.7282266883344882
PIMA (2),LR,AUC,1.0,1.0,1.0,1.0
PIMA (2),LR,F-SCORE,0.9604060913705584,0.971718636693256,0.9378024870410656,0.971718636693256
PIMA (2),LR,G-MEAN,0.9636719119603112,0.997231058833236,0.9720656869207036,0.997231058833236
PIMA (2),KNN,AUC,0.9040468133107727,0.9049633389734912,0.9900122203421696,0.9886256815190824
PIMA (2),KNN,F-SCORE,0.6740391588107325,0.7636612682297962,0.8937555394408186,0.9040824000214864
PIMA (2),KNN,G-MEAN,0.6911557190343803,0.8460977545602262,0.96349623392074,0.9429930962804516
PIMA (2),DT,AUC,0.9717992103778906,0.9388042865200228,0.9388042865200228,0.9935138183869148
PIMA (2),DT,F-SCORE,0.9484328418338572,0.9088389332044156,0.9088389332044156,0.9487981092042004
PIMA (2),DT,G-MEAN,0.9699570966431894,0.9336290086035008,0.9336290086035008,0.9915848889301204
PIMA (2),GBC,AUC,0.9746192893401014,0.9961693927429968,0.9985899605188946,1.0
PIMA (2),GBC,F-SCORE,0.9709934735315444,0.9088389332044156,0.9126097816453148,0.9548142776569172
PIMA (2),GBC,G-MEAN,0.9727970363014088,0.9336290086035008,0.9448153908944756,0.9943774962607028
HEART (3),LR,AUC,1.0,1.0,1.0,1.0
HEART (3),LR,F-SCORE,1.0,1.0,1.0,1.0
HEART (3),LR,G-MEAN,1.0,1.0,1.0,1.0
HEART (3),KNN,AUC,1.0,1.0,1.0,1.0
HEART (3),KNN,F-SCORE,1.0,1.0,1.0,1.0
HEART (3),KNN,G-MEAN,1.0,1.0,1.0,1.0
HEART (3),DT,AUC,1.0,1.0,1.0,1.0
HEART (3),DT,F-SCORE,1.0,1.0,1.0,1.0
HEART (3),DT,G-MEAN,1.0,1.0,1.0,1.0
HEART (3),GBC,AUC,1.0,1.0,1.0,1.0
HEART (3),GBC,F-SCORE,1.0,1.0,1.0,1.0
HEART (3),GBC,G-MEAN,1.0,1.0,1.0,1.0
BREAST TISSUE (2),LR,AUC,0.9255655212325792,0.9506471132611742,0.9511661091818026,0.9532779018508156
BREAST TISSUE (2),LR,F-SCORE,0.47485975834822,0.5553178147465141,0.5501846694150355,0.5902128779378512
BREAST TISSUE (2),LR,G-MEAN,0.5798004577846138,0.8918827653655098,0.8893602981775768,0.9088043546076032
BREAST TISSUE (2),KNN,AUC,0.8986002048917955,0.8965910366333499,0.9315371169188912,0.9412945697291936
BREAST TISSUE (2),KNN,F-SCORE,0.7093004436781692,0.6871801456527541,0.6626632531475273,0.7091701699369519
BREAST TISSUE (2),KNN,G-MEAN,0.7943560774960354,0.8583615384364967,0.8827811660356407,0.8845696202022024
BREAST TISSUE (2),DT,AUC,0.9097787698277898,0.9333921082452156,0.9404379330076208,0.9560682643117429
BREAST TISSUE (2),DT,F-SCORE,0.7687899316717681,0.7205461299726807,0.6974453949269673,0.7472688876773647
BREAST TISSUE (2),DT,G-MEAN,0.8587783868915796,0.9022729063966352,0.9228235207137464,0.9341931867708771
BREAST TISSUE (2),GBC,AUC,0.987651704166028,0.9845268814043128,0.9867996680995142,0.9894994749837476
BREAST TISSUE (2),GBC,F-SCORE,0.8006474158021085,0.8010919745380107,0.7838852636968131,0.8266935991879096
BREAST TISSUE (2),GBC,G-MEAN,0.8791896481259412,0.9403972336013708,0.9424291576495659,0.9551156775570824
IRIS (2),LR,AUC,0.770323884251202,0.770668515186376,0.7751565833849542,0.7765464145600425
IRIS (2),LR,F-SCORE,0.06786427145708583,0.3540863890158973,0.3604829757209209,0.36830041067972535
IRIS (2),LR,G-MEAN,0.0910494745329256,0.6649288502473211,0.6720353305629674,0.6804151974249514
IRIS (2),KNN,AUC,0.7869848972006727,0.7774197909599521,0.8006595184016204,0.8227468707904388
IRIS (2),KNN,F-SCORE,0.4554890219560878,0.4652874423920567,0.4556529797547762,0.488356620093147
IRIS (2),KNN,G-MEAN,0.5938479722171193,0.7489512839461717,0.7398533275883276,0.755316303308045
IRIS (2),DT,AUC,0.669144469681327,0.6815079201203504,0.7320344532609657,0.7358162984376077
IRIS (2),DT,F-SCORE,0.2601515583551512,0.3827002671314048,0.41757746578105853,0.4301574894389266
IRIS (2),DT,G-MEAN,0.459211232996624,0.6597064886753254,0.7129567544966074,0.7127007979693921
IRIS (2),GBC,AUC,0.8011199276324198,0.8023996342290788,0.8101181872707786,0.8510987876463821
IRIS (2),GBC,F-SCORE,0.3301523936254476,0.4042375566327662,0.42754548622812094,0.4766043670235287
IRIS (2),GBC,G-MEAN,0.4540439174001168,0.5817851599321848,0.6203049924645015,0.6698019921115203
GLASS (2),LR,AUC,0.7620669815487577,0.7683509115431538,0.7667256207739115,0.7712957776221887
GLASS (2),LR,F-SCORE,0.06132955880344145,0.4274546074860351,0.4247616234594762,0.4391370469678239
GLASS (2),LR,G-MEAN,0.15971756217866367,0.6853067681345761,0.6851377986329471,0.694928710628704
GLASS (2),KNN,AUC,0.6864275070385789,0.6667531827761605,0.6890635774598115,0.7206809067521066
GLASS (2),KNN,F-SCORE,0.33303872928382056,0.3724188328857164,0.3913677866852406,0.4270108288000141
GLASS (2),KNN,G-MEAN,0.4992248350929003,0.6282309783999216,0.6473789996166833,0.6570364545186324
GLASS (2),DT,AUC,0.7126526539168911,0.7287188944203145,0.7328593093150158,0.733395712916172
GLASS (2),DT,F-SCORE,0.2265900174664576,0.4270835014415376,0.4525610230154933,0.4501446725429168
GLASS (2),DT,G-MEAN,0.3931348815602253,0.6655592399608222,0.6855128343714502,0.6915692903997402
GLASS (2),GBC,AUC,0.7800083821513235,0.7737619253186185,0.7582290354458913,0.7894985515113064
GLASS (2),GBC,F-SCORE,0.34379305097570856,0.4410461534042589,0.4549391330060241,0.4574629010546363
GLASS (2),GBC,G-MEAN,0.4857271122252425,0.6807243098426109,0.6770264423489515,0.6894479903846434
LIVER (3),LR,AUC,0.7556280960645113,0.7641479115594606,0.7622933292024215,0.7652090479621642
LIVER (3),LR,F-SCORE,0.0,0.3516951143602633,0.3444887765900456,0.3626284535221576
LIVER (3),LR,G-MEAN,0.0,0.6974549344258129,0.6893020895516192,0.7061613652986346
LIVER (3),KNN,AUC,0.6767881605023697,0.6823958811720289,0.703593499899397,0.7272629415498201
LIVER (3),KNN,F-SCORE,0.18512787485999446,0.3159593756927205,0.3291607825542409,0.3493032045781171
LIVER (3),KNN,G-MEAN,0.3535323565865453,0.6325723108457079,0.6523343987086514,0.6665420271079882
LIVER (3),DT,AUC,0.6893947679981035,0.7043856263615779,0.733537452354884,0.7375975581343397
LIVER (3),DT,F-SCORE,0.16710283098655668,0.330990675149442,0.3843159479985443,0.38110395932664587
LIVER (3),DT,G-MEAN,0.3275324884428445,0.653942593614051,0.6846432566729953,0.6867086254928984
LIVER (3),GBC,AUC,0.7577570662060978,0.7568919218900659,0.7465862789172756,0.7674951123737008
LIVER (3),GBC,F-SCORE,0.16790809641635746,0.3636810703596059,0.3774900928685368,0.40129935764617597
LIVER (3),GBC,G-MEAN,0.33400989416311483,0.6853165657664718,0.6608116675375877,0.6837375077766151
WINE (3),LR,AUC,0.9346353283553844,0.9381188737885604,0.9374944822737546,0.939039041694982
WINE (3),LR,F-SCORE,0.0,0.26302594523622946,0.28667065359039906,0.2724151385612488
WINE (3),LR,G-MEAN,0.0,0.8677186737462018,0.8740034056732945,0.8706337713067654
WINE (3),KNN,AUC,0.9039241445745891,0.8997340545158322,0.8895957292174783,0.909133383729702
WINE (3),KNN,F-SCORE,0.5977891156462584,0.5210146620713826,0.3846767411814979,0.4873615598823615
WINE (3),KNN,G-MEAN,0.7307510878070979,0.8432670938569808,0.8452259447612563,0.8729593942109615
WINE (3),DT,AUC,0.8322344458852085,0.8244464925929803,0.8063879424861146,0.8993408674656668
WINE (3),DT,F-SCORE,0.5451112230087971,0.410254423255874,0.3689041976190601,0.4973918042222951
WINE (3),DT,G-MEAN,0.7122711040803716,0.8216266462128415,0.8077048435518162,0.8836017656253844
WINE (3),GBC,AUC,0.9129951132736001,0.9104157867364484,0.9085425250891812,0.9394007528381629
WINE (3),GBC,F-SCORE,0.4806571685277885,0.51696989269825,0.5036405388337869,0.5707838529703125
WINE (3),GBC,G-MEAN,0.6606033781327718,0.8091389011552631,0.82176421706132,0.8556628236151166
YEAST 1 (2),LR,AUC,0.9946981857094216,0.9945011916922032,0.9945271332911784,0.9956028989736856
YEAST 1 (2),LR,F-SCORE,0.9273712501893628,0.9432301658610124,0.9389511686852052,0.952473956705953
YEAST 1 (2),LR,G-MEAN,0.9375936796260048,0.95332248882133,0.950324032923258,0.9652961773254336
YEAST 1 (2),KNN,AUC,0.8413954958898779,0.8513988196572466,0.8494892747701736,0.8461894223130177
YEAST 1 (2),KNN,F-SCORE,0.6739612763648725,0.711160174681298,0.7076197376638707,0.718589175464457
YEAST 1 (2),KNN,G-MEAN,0.7232126022586952,0.7490934276223067,0.7484548417667994,0.7566937597801039
YEAST 1 (2),DT,AUC,0.9200354264961006,0.9177910728472526,0.9291741654101204,0.9495383206057364
YEAST 1 (2),DT,F-SCORE,0.8958637363017177,0.8966380202697709,0.914898805203628,0.9397703601604732
YEAST 1 (2),DT,G-MEAN,0.91178685084738,0.9131651137570244,0.928660072687434,0.9465524061451076
YEAST 1 (2),GBC,AUC,0.9735971269679136,0.9867584350730421,0.9856097086434163,0.994691700309678
YEAST 1 (2),GBC,F-SCORE,0.9393952004438896,0.9242844911293834,0.9298410311174806,0.9503667444444336
YEAST 1 (2),GBC,G-MEAN,0.9476694906050837,0.9341220150794144,0.9412014335402152,0.957976450841294
NEW THYROID 1,LR,AUC,0.9513640132669984,0.9497719734660034,0.9532476506357104,0.9543490878938641
NEW THYROID 1,LR,F-SCORE,0.5257142857142857,0.7116413216413214,0.7466992575325908,0.7466705516705517
NEW THYROID 1,LR,G-MEAN,0.5977121977951856,0.8942171057941014,0.8989436699619993,0.9168859469783284
NEW THYROID 1,KNN,AUC,0.9465714320554092,0.9483624768315287,0.9692572879068708,0.969357806555458
NEW THYROID 1,KNN,F-SCORE,0.7433531746031745,0.7857407407407407,0.7761266511266509,0.8101515151515151
NEW THYROID 1,KNN,G-MEAN,0.7750840413980785,0.9019705086625288,0.9404019838931322,0.9046899349671216
NEW THYROID 1,DT,AUC,0.7111236911845998,0.8289945493122622,0.8713071488960425,0.9134778517543004
NEW THYROID 1,DT,F-SCORE,0.5033501786279564,0.6966044706322485,0.7617479434146102,0.770213099657544
NEW THYROID 1,DT,G-MEAN,0.6643218052576867,0.7984494688907007,0.8536481472200315,0.9232823084665176
NEW THYROID 1,GBC,AUC,0.9177022160439632,0.899522404318278,0.9273668422592918,0.9770750414593696
NEW THYROID 1,GBC,F-SCORE,0.7177777777777777,0.799456937095826,0.8075881834215167,0.87996632996633
NEW THYROID 1,GBC,G-MEAN,0.7785187137967348,0.8300259042273944,0.8377221309427588,0.9155558136079606
NEW THYROID 2,LR,AUC,0.8829315678076443,0.8829015953695462,0.8861650976945828,0.8841098030451131
NEW THYROID 2,LR,F-SCORE,0.0,0.26810569202597995,0.2778725991926469,0.27737155911906497
NEW THYROID 2,LR,G-MEAN,0.0,0.8191675877565832,0.8202712887530871,0.8352621710262796
NEW THYROID 2,KNN,AUC,0.8221532305377877,0.821560217771841,0.8562539013043583,0.8903938081400115
NEW THYROID 2,KNN,F-SCORE,0.23686995843330075,0.4047652509336668,0.3606450378974635,0.4101452167210167
NEW THYROID 2,KNN,G-MEAN,0.32363620882016925,0.7554161953798424,0.7930303483127609,0.8343429304997926
NEW THYROID 2,DT,AUC,0.903657716727206,0.8211049570485177,0.8668450216647244,0.91051466803965
NEW THYROID 2,DT,F-SCORE,0.32034534748128873,0.2621222059989824,0.2507449050669578,0.3573005664254006
NEW THYROID 2,DT,G-MEAN,0.4863398720900292,0.7718172613283468,0.7449195327291552,0.8203481287814723
NEW THYROID 2,GBC,AUC,0.9338031093224703,0.9113657993005176,0.9282680728427228,0.939290355678989
NEW THYROID 2,GBC,F-SCORE,0.39057950224114796,0.3798942182678336,0.37548814927933255,0.4197922782025363
NEW THYROID 2,GBC,G-MEAN,0.5375276808691469,0.7568501768685849,0.7506255480153926,0.8054731530871443
ECOLI,LR,AUC,0.9245872746382084,0.9194362923437628,0.9200116554827932,0.921434702347266
ECOLI,LR,F-SCORE,0.0,0.536081453898292,0.549497254098772,0.5538746824894832
ECOLI,LR,G-MEAN,0.0,0.8756971655158252,0.879855380227654,0.8805026820385967
ECOLI,KNN,AUC,0.944214265502466,0.9339840528741208,0.9355572735602448,0.9496618562535368
ECOLI,KNN,F-SCORE,0.7739068100358425,0.6890224828934506,0.6511016617088723,0.7456194343291118
ECOLI,KNN,G-MEAN,0.8692164478795062,0.8995489975578402,0.9162076436978032,0.9346434523726656
ECOLI,DT,AUC,0.7546589255396556,0.8265867962918049,0.8322038631525048,0.9008966637022664
ECOLI,DT,F-SCORE,0.6372993374606278,0.6181622678396872,0.633319109206206,0.7627850643979676
ECOLI,DT,G-MEAN,0.7535028557371475,0.8189555937413938,0.822946103052164,0.8988904148104463
ECOLI,GBC,AUC,0.9276146683914088,0.9366376963915164,0.94274422615679,0.9608831217829521
ECOLI,GBC,F-SCORE,0.7358325187357444,0.7105683563748079,0.6882027649769583,0.7888970348647768
ECOLI,GBC,G-MEAN,0.8198471925139529,0.8337915994719155,0.8331220605391452,0.897359573381287
EUCALYPTUS,LR,AUC,0.9879545713634288,0.9876982317474792,0.9879415881339616,0.988137761564574
EUCALYPTUS,LR,F-SCORE,0.0,0.3151298832949003,0.3127945006085762,0.31978140228824226
EUCALYPTUS,LR,G-MEAN,0.0,0.9659588913994632,0.9653552161811692,0.9666794414805899
EUCALYPTUS,KNN,AUC,0.9282299741602068,0.9278649395804835,0.9921941499468004,0.9926918667983988
EUCALYPTUS,KNN,F-SCORE,0.649908800729594,0.5519572083183575,0.5979012475592502,0.6091830649970184
EUCALYPTUS,KNN,G-MEAN,0.7366212736546701,0.8729339862455677,0.9677840874758842,0.9878819916469644
EUCALYPTUS,DT,AUC,0.8451602637178902,0.9382647438820491,0.9394217554592896,0.9865461284643056
EUCALYPTUS,DT,F-SCORE,0.4925970341155019,0.536178301482679,0.5527027044287848,0.5942774760832217
EUCALYPTUS,DT,G-MEAN,0.6940124371209414,0.9300184063988396,0.9315488956472016,0.9790434887070136
EUCALYPTUS,GBC,AUC,0.9885088919288646,0.9922114873081016,0.9925460429649896,0.9958319083447332
EUCALYPTUS,GBC,F-SCORE,0.4433672270881573,0.6305892541870654,0.6217414090191108,0.6967887586902636
EUCALYPTUS,GBC,G-MEAN,0.5809846823741293,0.8432503962063432,0.8968317189554256,0.9635538053684636
HABERMAN (2),LR,AUC,0.9734270908051356,0.9748230400055444,0.9753139560268206,0.9755991267737408
HABERMAN (2),LR,F-SCORE,0.0,0.449785280001787,0.4648658787513023,0.4636681658800628
HABERMAN (2),LR,G-MEAN,0.0,0.9133482981044022,0.9157064396522516,0.9175045775974592
HABERMAN (2),KNN,AUC,0.9198131607671916,0.9178653932117056,0.9287668607169464,0.9618023632551934
HABERMAN (2),KNN,F-SCORE,0.502329043505514,0.6174883449883449,0.5842921445026708,0.6096688520289436
HABERMAN (2),KNN,G-MEAN,0.6285770952393911,0.8730387314965832,0.8937459913401198,0.9172007091844994
HABERMAN (2),DT,AUC,0.9256920629970372,0.9318007796663028,0.9236269643259352,0.9653891470450646
HABERMAN (2),DT,F-SCORE,0.5441212121212121,0.62350446223097,0.6206983584398018,0.6489007202555589
HABERMAN (2),DT,G-MEAN,0.6850604924353682,0.9215414552610198,0.9073670701904284,0.9416659730752572
HABERMAN (2),GBC,AUC,0.9603648665038028,0.9597071296151912,0.9704994888854236,0.9770532096262801
HABERMAN (2),GBC,F-SCORE,0.5769178832863043,0.6396663026916881,0.6085202035557767,0.6673852142099838
HABERMAN (2),GBC,G-MEAN,0.7320639218331958,0.9045664881485322,0.8633680330200799,0.9374094455293506
PIMA (3),LR,AUC,0.9880190232302908,0.988471231428978,0.9898024510700566,0.9920177631445236
PIMA (3),LR,F-SCORE,0.8644817623690862,0.8581313420998592,0.8454496208017335,0.8851103099238973
PIMA (3),LR,G-MEAN,0.8944742196116183,0.9039354034400549,0.8906134138870394,0.9382453270705
PIMA (3),KNN,AUC,0.8451390159136638,0.8174908034062964,0.8606639839034206,0.8616369936792472
PIMA (3),KNN,F-SCORE,0.7113037197544241,0.5558878040253132,0.6134449175062047,0.6881218937556964
PIMA (3),KNN,G-MEAN,0.7715378428842479,0.709151562470605,0.7540466197813626,0.7800022155382694
PIMA (3),DT,AUC,0.9161407840985306,0.8997495071438734,0.8928800073166271,0.940712456557527
PIMA (3),DT,F-SCORE,0.8865113759479956,0.8619264147433159,0.8459612375105333,0.8975650327763004
PIMA (3),DT,G-MEAN,0.9111234312107758,0.8930466243612128,0.8880067195367527,0.930362768700114
PIMA (3),GBC,AUC,0.9839339064691178,0.943600999939028,0.958950673739406,0.9986687803589211
PIMA (3),GBC,F-SCORE,0.9330985915492956,0.8720898037799446,0.8765324659690856,0.9450179710743092
PIMA (3),GBC,G-MEAN,0.9378436092924328,0.8991510106174398,0.8998523775060896,0.9581828121289028
SEGMENTATION,LR,AUC,0.9660074384053112,0.9659066042487634,0.9655725810718692,0.966395381496396
SEGMENTATION,LR,F-SCORE,0.1236230137133895,0.6751373232349289,0.6811319476751003,0.6797168997733339
SEGMENTATION,LR,G-MEAN,0.25334732015697753,0.8980738586532231,0.8958451182269642,0.9036440753772341
SEGMENTATION,KNN,AUC,0.9236764625993444,0.9152913356149606,0.929159302604312,0.9399626702358992
SEGMENTATION,KNN,F-SCORE,0.7330956499026874,0.7028265153892835,0.7029824311016428,0.7398930598613775
SEGMENTATION,KNN,G-MEAN,0.8114112998878634,0.8851991460176233,0.8965586677173975,0.8985844947358209
SEGMENTATION,DT,AUC,0.94580055926259,0.9376979632052612,0.9497224042669486,0.9544231691309164
SEGMENTATION,DT,F-SCORE,0.7663122414493578,0.7283710524255671,0.7622520081041602,0.7899784340607203
SEGMENTATION,DT,G-MEAN,0.8629472193758981,0.9147808450984446,0.9228015894242162,0.9268416038823544
SEGMENTATION,GBC,AUC,0.9691910198042829,0.963438446183084,0.9703450268495102,0.9734267173816948
SEGMENTATION,GBC,F-SCORE,0.7694695462741716,0.7594871275686877,0.7866180957473491,0.8014594856209979
SEGMENTATION,GBC,G-MEAN,0.8542132955372174,0.9128602552997186,0.9179861073866163,0.9322362619549576
IRIS (3),LR,AUC,0.8128260575704251,0.8244696414725259,0.8219196445117288,0.8266062664143794
IRIS (3),LR,F-SCORE,0.3587363817089637,0.5607251321301198,0.5540169023602858,0.5702045396743066
IRIS (3),LR,G-MEAN,0.485523880098044,0.7464250253345153,0.7416039424886413,0.7546925396399432
IRIS (3),KNN,AUC,0.7420580417419896,0.7143139013881198,0.7393515216855827,0.7380529237391066
IRIS (3),KNN,F-SCORE,0.3888582440333921,0.4598964139971165,0.5007543751830967,0.4878715483504952
IRIS (3),KNN,G-MEAN,0.5447411735366412,0.6679261249717617,0.7041789793385971,0.6922507006895787
IRIS (3),DT,AUC,0.7522648227404339,0.7772626679048549,0.7739691265108744,0.7892604885631574
IRIS (3),DT,F-SCORE,0.4193165383172448,0.5246558130251217,0.5363342895390236,0.5459533851125409
IRIS (3),DT,G-MEAN,0.5671678908703236,0.7245425248971932,0.7236837910850943,0.7371473178389484
IRIS (3),GBC,AUC,0.8378942324072908,0.8268925186078068,0.8266852877629104,0.8449983023404971
IRIS (3),GBC,F-SCORE,0.5057731013436986,0.543597421027747,0.5600766278212682,0.5911736501795021
IRIS (3),GBC,G-MEAN,0.6331714919518584,0.7147123595547802,0.7306277724413462,0.7600471999605967
GLASS (3),LR,AUC,0.999762779308234,0.9999617385981022,0.999862258953168,0.9999719416386084
GLASS (3),LR,F-SCORE,0.9908859588248902,0.9855732143123797,0.9883796931607296,0.9879087082471526
GLASS (3),LR,G-MEAN,0.9934065474240396,0.9945996237581076,0.9929854059629688,0.9961177796364656
GLASS (3),KNN,AUC,0.9974556167737988,0.9955910111213142,0.995999132741557,0.9970117845117844
GLASS (3),KNN,F-SCORE,0.9704545965954342,0.9563276028793334,0.9572711842269376,0.9601069703134906
GLASS (3),KNN,G-MEAN,0.9911478770527046,0.9898722291385064,0.9900415411856084,0.9905494914914842
GLASS (3),DT,AUC,0.9926499846954394,0.9932863993470056,0.994438067544128,0.9943271094786246
GLASS (3),DT,F-SCORE,0.9783144454593158,0.9782171984643996,0.9735435702059182,0.9758566723768748
GLASS (3),DT,G-MEAN,0.987885818719659,0.991650457961346,0.9883395753681588,0.9937569169639304
GLASS (3),GBC,AUC,0.9996122844607692,0.9985460667278848,0.9996913580246914,0.9999285787164576
GLASS (3),GBC,F-SCORE,0.9846847888953152,0.9879304166809191,0.9859789681102562,0.9919416888726628
GLASS (3),GBC,G-MEAN,0.989804248109436,0.9941664245936896,0.9942588574877692,0.9969624210704576
VEHICLE (2),LR,AUC,0.6756247597078047,0.68669973799251,0.68579285744799,0.6924739594457971
VEHICLE (2),LR,F-SCORE,0.2918600968652568,0.4823237457487341,0.4864087145028402,0.4927804985065648
VEHICLE (2),LR,G-MEAN,0.4237306662077778,0.6259087325761443,0.6311509507617863,0.6341662513005965
VEHICLE (2),KNN,AUC,0.6832611121790763,0.6672989466302135,0.6734687157361129,0.6937751416833979
VEHICLE (2),KNN,F-SCORE,0.3539609746947254,0.4631227368394462,0.4802821618083779,0.493370479542167
VEHICLE (2),KNN,G-MEAN,0.4974762456552159,0.6164911943826058,0.6331667874878908,0.6430583915184114
VEHICLE (2),DT,AUC,0.6610825430390022,0.6783926588064421,0.6804122257109089,0.7057942903014509
VEHICLE (2),DT,F-SCORE,0.4048261714440063,0.4928329130743957,0.5070090548569867,0.5397945236019985
VEHICLE (2),DT,G-MEAN,0.552477435765622,0.6381961300545044,0.6482896944068507,0.6819625445971355
VEHICLE (2),GBC,AUC,0.6807327043017642,0.6639698762584191,0.6989310112207555,0.7204335583180258
VEHICLE (2),GBC,F-SCORE,0.3962666687480751,0.4416416225978603,0.4624271933719044,0.4997500659925938
VEHICLE (2),GBC,G-MEAN,0.533106888842611,0.5964611317517319,0.6140588880088306,0.6396609834497399
YEAST 1 (3),LR,AUC,0.8999999999999999,0.8988888888888887,0.8991666666666668,0.9017592592592591
YEAST 1 (3),LR,F-SCORE,0.8149672449923541,0.8154676257276791,0.8229386207767102,0.8274672429753704
YEAST 1 (3),LR,G-MEAN,0.8334274189830889,0.8319217656868262,0.8396602031648938,0.8429925948974143
YEAST 1 (3),KNN,AUC,0.6879166666666667,0.6842592592592592,0.6897685185185187,0.6934722222222223
YEAST 1 (3),KNN,F-SCORE,0.6050710047155975,0.6130529887215586,0.6108714969084921,0.6168915341888904
YEAST 1 (3),KNN,G-MEAN,0.6486573415559134,0.6447877876621816,0.645440027904478,0.6527561841943791
YEAST 1 (3),DT,AUC,0.8383796296296296,0.8480092592592593,0.8374537037037039,0.8610185185185184
YEAST 1 (3),DT,F-SCORE,0.7537160564765596,0.7642096520463717,0.7784098401903662,0.7893404004662806
YEAST 1 (3),DT,G-MEAN,0.7810283706850437,0.7897859121162855,0.8012877328773226,0.8112102788902623
YEAST 1 (3),GBC,AUC,0.8727777777777778,0.8729629629629629,0.8765740740740741,0.8823148148148148
YEAST 1 (3),GBC,F-SCORE,0.7580567185825545,0.76945398377415,0.773778720911599,0.7846656423079049
YEAST 1 (3),GBC,G-MEAN,0.7848269544811753,0.7933793241768969,0.7982656030510309,0.8061577394922141
YEAST 3,LR,AUC,0.7956628230178605,0.7847304400473346,0.7907114878315031,0.7973254992615425
YEAST 3,LR,F-SCORE,0.16046498504599066,0.475403111988004,0.4667083740753888,0.4902094052009039
YEAST 3,LR,G-MEAN,0.25018002105842513,0.6996988839348856,0.6935698150033778,0.7166635353137477
YEAST 3,KNN,AUC,0.8146482923741641,0.8168865986001412,0.8201958976617038,0.8357080936786195
YEAST 3,KNN,F-SCORE,0.5066031569482112,0.5825219473264166,0.5763876500320798,0.6048829637480034
YEAST 3,KNN,G-MEAN,0.6637331135817306,0.7734386253361581,0.7729111490834092,0.7937621622249488
YEAST 3,DT,AUC,0.765215207639596,0.7882243535056094,0.8124971333168212,0.8266619882397191
YEAST 3,DT,F-SCORE,0.5331455219723377,0.6348034353179899,0.6259287513888238,0.6595256799400909
YEAST 3,DT,G-MEAN,0.6903485733830618,0.7833145353325772,0.7875787429706929,0.8244627701904687
YEAST 3,GBC,AUC,0.8942767243672657,0.8846905358174862,0.8808984873086203,0.91112135472567
YEAST 3,GBC,F-SCORE,0.6515042220349483,0.6532463374067053,0.6792980762254505,0.7065594308200289
YEAST 3,GBC,G-MEAN,0.7561946523704431,0.7635963161133661,0.7973539048109043,0.8299673239667412
HABERMAN (3),LR,AUC,0.9314590419501136,0.92947477934555,0.9315663120644324,0.933486188866828
HABERMAN (3),LR,F-SCORE,0.3057539682539683,0.7060299982234781,0.714438824839028,0.7157795267359034
HABERMAN (3),LR,G-MEAN,0.4240658352334195,0.8917036041830348,0.8966676845534932,0.8991495633979154
HABERMAN (3),KNN,AUC,0.949924094937018,0.9413214957035446,0.9397287523462334,0.9471666489229928
HABERMAN (3),KNN,F-SCORE,0.856652371093365,0.7988283696979351,0.7888133484872616,0.8342119807958318
HABERMAN (3),KNN,G-MEAN,0.916066635673502,0.9171056180344848,0.9188990269050756,0.9336896596823806
HABERMAN (3),DT,AUC,0.8665073917658503,0.8797450313192795,0.8826919221303621,0.9120757764496016
HABERMAN (3),DT,F-SCORE,0.7239577333603159,0.7666996669843461,0.7861684389178397,0.8099477943871537
HABERMAN (3),DT,G-MEAN,0.8364592781028971,0.8765116172906059,0.8763809007143294,0.9036507471556844
HABERMAN (3),GBC,AUC,0.952212511798978,0.9497896244489291,0.9570833423746956,0.9650004904939116
HABERMAN (3),GBC,F-SCORE,0.7771304083661064,0.7957825660833181,0.7882131616370748,0.8380967594027418
HABERMAN (3),GBC,G-MEAN,0.8619909261923455,0.8792900744632289,0.8854849219278768,0.9153232933715184
PAGE BLOCKS 0,LR,AUC,0.8960579514824798,0.8989779874213836,0.9042003593890384,0.9088050314465408
PAGE BLOCKS 0,LR,F-SCORE,0.6721594443292557,0.7242067218759782,0.7277106633654914,0.7602443549585612
PAGE BLOCKS 0,LR,G-MEAN,0.7389025438372748,0.7868837427012031,0.7915531625611877,0.8191029479282083
PAGE BLOCKS 0,KNN,AUC,0.7769541778975743,0.7694294699011679,0.7611747529200359,0.8085691823899371
PAGE BLOCKS 0,KNN,F-SCORE,0.6744358120606733,0.6623040176781633,0.6577929917924953,0.710950085735412
PAGE BLOCKS 0,KNN,G-MEAN,0.7374584930276947,0.7336573549459692,0.7351919115815827,0.7799414585927621
PAGE BLOCKS 0,DT,AUC,0.8606805929919138,0.8055368373764601,0.8501516172506741,0.8668014375561546
PAGE BLOCKS 0,DT,F-SCORE,0.6900943396226414,0.6451383053667066,0.6889744014123359,0.7317562632213019
PAGE BLOCKS 0,DT,G-MEAN,0.7546711953101779,0.7191440879358835,0.7598190182532402,0.7932482455357422
PAGE BLOCKS 0,GBC,AUC,0.8622529200359391,0.8821316262353998,0.8680368373764601,0.9026561096136568
PAGE BLOCKS 0,GBC,F-SCORE,0.6830551523947751,0.7008374864302488,0.7167650582839845,0.7606080172161719
PAGE BLOCKS 0,GBC,G-MEAN,0.7558307154836013,0.7725069398860324,0.7845940049193795,0.8191604870076455
VEHICLE (3),LR,AUC,0.9914981970528466,0.9897209690223162,0.9901641240856479,0.9949430143011148
VEHICLE (3),LR,F-SCORE,0.8426509430733825,0.8393590250475519,0.8514935933480928,0.8542379051646272
VEHICLE (3),LR,G-MEAN,0.9122580821604972,0.9367134625835204,0.9341177977347088,0.9721960927402234
VEHICLE (3),KNN,AUC,0.9592045825598778,0.959256833240003,0.9616090059304124,0.9683732368033878
VEHICLE (3),KNN,F-SCORE,0.6587413241270185,0.7395546070183777,0.7333998707251596,0.7548733190017648
VEHICLE (3),KNN,G-MEAN,0.7488941724027202,0.9146595076839862,0.919104871089816,0.9293408380080144
VEHICLE (3),DT,AUC,0.9335557432119618,0.9456264985978938,0.9519217417827942,0.9606104424656888
VEHICLE (3),DT,F-SCORE,0.7066731132182277,0.7261821867435554,0.7449873437334388,0.7363339586977818
VEHICLE (3),DT,G-MEAN,0.8318666971600814,0.9190541515994224,0.915786095881636,0.9359081902088996
VEHICLE (3),GBC,AUC,0.988043116847057,0.9893814391645372,0.9906418792944772,0.9936893803001632
VEHICLE (3),GBC,F-SCORE,0.7980551150045225,0.8044266813906188,0.8192692942303049,0.8577385473240772
VEHICLE (3),GBC,G-MEAN,0.8582711896252956,0.908982407990548,0.9286115774375404,0.9389894568608694
VOWEL,LR,AUC,0.9882680896279497,0.9816571074004182,0.97989809300393,0.9914800980669388
VOWEL,LR,F-SCORE,0.7663766906351652,0.6567565040189928,0.6644747513932722,0.7945131022461529
VOWEL,LR,G-MEAN,0.8209781286378838,0.9507119228905632,0.9518441783065279,0.9825686693104908
VOWEL,KNN,AUC,0.9511593029899068,0.9535265739426256,0.9935218658446971,0.9944720395970752
VOWEL,KNN,F-SCORE,0.7714037375054325,0.7823024433193925,0.7756115222154604,0.7964860932520453
VOWEL,KNN,G-MEAN,0.8665553777203926,0.9422485187690426,0.9802197293524554,0.9829199791043978
VOWEL,DT,AUC,0.931689995556402,0.9921476597050296,0.9977385259950484,0.9977385259950484
VOWEL,DT,F-SCORE,0.8560007553651622,0.9630142691583368,0.9690352020860497,0.9690352020860497
VOWEL,DT,G-MEAN,0.9311380234964672,0.991919546570588,0.9977321375994233,0.9977321375994233
VOWEL,GBC,AUC,0.9996230876658414,0.9986808068304449,0.9986808068304449,1.0
VOWEL,GBC,F-SCORE,0.9557645744086424,0.9690352020860497,0.9690352020860497,1.0
VOWEL,GBC,G-MEAN,0.9965917450958,0.9977321375994233,0.9977321375994233,1.0
NEW THYROID 2 (2),LR,AUC,0.9864082622042526,0.9860034815813118,0.986070555056404,0.9862639762403912
NEW THYROID 2 (2),LR,F-SCORE,0.0,0.4571824170579313,0.4562835512041679,0.4616431755722401
NEW THYROID 2 (2),LR,G-MEAN,0.0,0.9628445941532076,0.9627269516533576,0.9635670971039336
NEW THYROID 2 (2),KNN,AUC,0.9821440270290506,0.981231515798143,0.9914586609014676,0.9920424341120097
NEW THYROID 2 (2),KNN,F-SCORE,0.7609503955504745,0.7047267097567171,0.6938224149380835,0.6952731927629384
NEW THYROID 2 (2),KNN,G-MEAN,0.8617670389748634,0.965159748630708,0.9629442232546436,0.9787178149026232
NEW THYROID 2 (2),DT,AUC,0.9376438960017972,0.9631439053608865,0.9765355926175502,0.9866266409603672
NEW THYROID 2 (2),DT,F-SCORE,0.6765778208006142,0.676839038883979,0.7016444237820073,0.7018314199303486
NEW THYROID 2 (2),DT,G-MEAN,0.8219802136764763,0.953730442712422,0.9546868432993512,0.9701448832616776
NEW THYROID 2 (2),GBC,AUC,0.9847154368823,0.990987586727563,0.9894078504043128,0.9929058101227912
NEW THYROID 2 (2),GBC,F-SCORE,0.6682099254796258,0.7260173030924828,0.7384269298583387,0.7464776609087859
NEW THYROID 2 (2),GBC,G-MEAN,0.7894895270486533,0.8974591130398828,0.921696776471972,0.9536306079980532
NEW THYROID 1 (2),LR,AUC,0.8733333333333334,0.875,0.8763888888888891,0.8875000000000001
NEW THYROID 1 (2),LR,F-SCORE,0.634547152194211,0.6306624404147624,0.6412698412698413,0.6654005036357978
NEW THYROID 1 (2),LR,G-MEAN,0.732878161074035,0.7670152022501258,0.7826878871609813,0.8049189117938719
NEW THYROID 1 (2),KNN,AUC,0.6512500000000001,0.66375,0.6815277777777778,0.6887499999999999
NEW THYROID 1 (2),KNN,F-SCORE,0.3139194139194139,0.4112487542968093,0.40909652626662535,0.4351785263240371
NEW THYROID 1 (2),KNN,G-MEAN,0.4648707422029516,0.6175664193790521,0.6149277403968173,0.6333375771781659
NEW THYROID 1 (2),DT,AUC,0.7695833333333333,0.735,0.8054166666666666,0.8137500000000001
NEW THYROID 1 (2),DT,F-SCORE,0.5573750867868515,0.5378689811507148,0.5790725000908067,0.6006140723168587
NEW THYROID 1 (2),DT,G-MEAN,0.6899678253624361,0.6931652413047074,0.7326805227540972,0.7491972212082576
NEW THYROID 1 (2),GBC,AUC,0.8477777777777779,0.8409722222222222,0.8725,0.8769444444444444
NEW THYROID 1 (2),GBC,F-SCORE,0.56,0.5718508059994128,0.6305390298269556,0.6504943857885035
NEW THYROID 1 (2),GBC,G-MEAN,0.6862418548151514,0.7092890195185201,0.7429667159794637,0.7545519600132155
ECOLI (2),LR,AUC,0.8416274304534898,0.9003175951090201,0.8988148533968524,0.9054143013681152
ECOLI (2),LR,F-SCORE,0.07594665031427257,0.413612047492662,0.4244317774944033,0.4275632876413919
ECOLI (2),LR,G-MEAN,0.1292261452883705,0.8130543699267646,0.8127685085286313,0.8235655119951145
ECOLI (2),KNN,AUC,0.700150283721226,0.6946719829658393,0.7547522756239641,0.7565586551065714
ECOLI (2),KNN,F-SCORE,0.19893709438397464,0.2990096753337365,0.2830328238803771,0.3549501129104686
ECOLI (2),KNN,G-MEAN,0.323146136176966,0.6190689600616114,0.6318737316899289,0.6626809751725085
ECOLI (2),DT,AUC,0.7922097422700792,0.7890226606440489,0.8640898019843773,0.8509436316431535
ECOLI (2),DT,F-SCORE,0.31642509167804284,0.3516918960006484,0.38071950739898497,0.4269597436968637
ECOLI (2),DT,G-MEAN,0.5122167820674854,0.7370566097183929,0.7512639953988941,0.7448824281332636
ECOLI (2),GBC,AUC,0.8862675163882935,0.8719058399643823,0.8747097035925414,0.8837906832783348
ECOLI (2),GBC,F-SCORE,0.4040846917744052,0.4027444210704847,0.4219036636272813,0.4399663177129884
ECOLI (2),GBC,G-MEAN,0.5416904419942766,0.6765097415081028,0.6710533688210022,0.7134776439883708
LED,LR,AUC,0.7763631877621516,0.7591413767579572,0.7650629163582532,0.7599473640924419
LED,LR,F-SCORE,0.08410256410256407,0.14312010147097867,0.14804415627945042,0.15587050497395324
LED,LR,G-MEAN,0.18161493767462936,0.4737975014983013,0.4740214684720411,0.5864404663016717
LED,KNN,AUC,0.5073279052553664,0.5067110782136688,0.5121967267044988,0.7233983057817254
LED,KNN,F-SCORE,0.0,0.0,0.023680850672145048,0.05305685691058799
LED,KNN,G-MEAN,0.0,0.0,0.046963537452735536,0.6863025283482441
LED,DT,AUC,0.7709926803191053,0.8319269676782629,0.7976889546837733,0.8991611152232913
LED,DT,F-SCORE,0.6234032634032634,0.4258122367255494,0.3563405312400165,0.5960010254175013
LED,DT,G-MEAN,0.7185664649401812,0.7902180294073679,0.7847615145567327,0.8720638962809275
LED,GBC,AUC,0.8471420347068016,0.9324039805905092,0.91433506044905,0.9370754173862982
LED,GBC,F-SCORE,0.6267909867909868,0.7423043623043624,0.8421911421911422,0.8296336996336997
LED,GBC,G-MEAN,0.7186029332160961,0.8117242734115185,0.8565664493075952,0.9010859282613299
EUCALYPTUS (2),LR,AUC,0.7999615093114496,0.8206912343278195,0.8189434403061443,0.8277241875400568
EUCALYPTUS (2),LR,F-SCORE,0.24695233293255245,0.48822380801015003,0.4727059965091816,0.4932372026019714
EUCALYPTUS (2),LR,G-MEAN,0.3825798763617835,0.7493428277878992,0.7347716703395729,0.7593647480012681
EUCALYPTUS (2),KNN,AUC,0.6967734645348882,0.6842151731457625,0.7142843473612898,0.7181004258950322
EUCALYPTUS (2),KNN,F-SCORE,0.2921417565485362,0.3607684674136409,0.35510646252115424,0.39196095986448815
EUCALYPTUS (2),KNN,G-MEAN,0.4541187325655634,0.6262085815987065,0.637189204533546,0.6625717170630273
EUCALYPTUS (2),DT,AUC,0.7223373350794701,0.7328111488782644,0.7408668195998729,0.76718909370166
EUCALYPTUS (2),DT,F-SCORE,0.3451935907904957,0.4042647256344917,0.4231094364971435,0.44045039038099537
EUCALYPTUS (2),DT,G-MEAN,0.493624065705482,0.6753292808880866,0.6837386420775866,0.7131688537029452
EUCALYPTUS (2),GBC,AUC,0.8098816049102417,0.8104327443046729,0.8119342058167266,0.8278929701544432
EUCALYPTUS (2),GBC,F-SCORE,0.3498472847242667,0.4093676811121928,0.4566338721041439,0.4802748708184688
EUCALYPTUS (2),GBC,G-MEAN,0.5145799662031991,0.6427728026041891,0.6941504304334645,0.7173283492036121
SEGMENTATION (2),LR,AUC,0.8674633344804498,0.8892239120320576,0.8886442635985977,0.8915471243157439
SEGMENTATION (2),LR,F-SCORE,0.3093072273791493,0.5293241997738526,0.5248775895830967,0.5309630336515907
SEGMENTATION (2),LR,G-MEAN,0.4338315665061778,0.7942916312491809,0.7851730884243883,0.7946995292094012
SEGMENTATION (2),KNN,AUC,0.7448749340993107,0.752917148833428,0.7693373456683341,0.7773409559555066
SEGMENTATION (2),KNN,F-SCORE,0.2908355214053134,0.4584523143990613,0.458397708742447,0.4805824545275813
SEGMENTATION (2),KNN,G-MEAN,0.4607977188521046,0.7190912153889886,0.7249021356164648,0.7342747905572891
SEGMENTATION (2),DT,AUC,0.8526451128583602,0.8424452809089483,0.83414660759157,0.8447425514555572
SEGMENTATION (2),DT,F-SCORE,0.4550413669741351,0.4844418598179693,0.5031080796536297,0.5574751337148648
SEGMENTATION (2),DT,G-MEAN,0.6197828587532256,0.7686622515470137,0.7556466709213231,0.7739111955547314
SEGMENTATION (2),GBC,AUC,0.8828152423510213,0.8785369310165261,0.8700931220451703,0.8813999158855664
SEGMENTATION (2),GBC,F-SCORE,0.5023386793412289,0.5113720413197261,0.5374238669587115,0.5534425220857074
SEGMENTATION (2),GBC,G-MEAN,0.6264636051243736,0.7245538429760655,0.7315027885586218,0.7561491191284069
LIBRAS,LR,AUC,1.0,1.0,1.0,1.0
LIBRAS,LR,F-SCORE,0.9604060913705584,0.9491580049955683,0.9566782155614644,0.9680122472000644
LIBRAS,LR,G-MEAN,0.9636719119603112,0.9943911191750168,0.9953377657277566,0.9962370799528592
LIBRAS,KNN,AUC,0.8532148900169204,0.8532148900169204,0.9643025004700132,0.9564767813498776
LIBRAS,KNN,F-SCORE,0.74585448392555,0.7378293449359439,0.8610157655842935,0.841436360218086
LIBRAS,KNN,G-MEAN,0.7720743272257246,0.8311727832524897,0.9104879231243898,0.8924773944439403
LIBRAS,DT,AUC,0.9127890580936268,0.8514758413235569,0.8706993795826282,0.9480635457792818
LIBRAS,DT,F-SCORE,0.8625090645395215,0.7808476351623559,0.7874976499341981,0.8517873929041441
LIBRAS,DT,G-MEAN,0.8998590595484249,0.8314086709172758,0.8537087960623327,0.9373013255144932
LIBRAS,GBC,AUC,0.9640674938898288,0.9900122203421696,0.987262643354014,0.9964749012972364
LIBRAS,GBC,F-SCORE,0.9031182015953588,0.7756533182929123,0.8283726801493299,0.8948459699728734
LIBRAS,GBC,G-MEAN,0.9337000070949564,0.8345909184050447,0.8726415147905402,0.9635448086059742
PAGE BLOCKS 1 3,LR,AUC,0.688843662464986,0.6922473155929039,0.6887896825396825,0.6949448529411765
PAGE BLOCKS 1 3,LR,F-SCORE,0.2326673761609907,0.4872999366564122,0.4923458795843274,0.5062964941463598
PAGE BLOCKS 1 3,LR,G-MEAN,0.3675205353048589,0.6383011599216861,0.6419156314267124,0.6529797625003833
PAGE BLOCKS 1 3,KNN,AUC,0.6638655462184875,0.632015931372549,0.6609922093837536,0.6730093078898225
PAGE BLOCKS 1 3,KNN,F-SCORE,0.37346583370190173,0.4422631564363489,0.4637109424292966,0.4803665519458769
PAGE BLOCKS 1 3,KNN,G-MEAN,0.5020851650421894,0.5993472917180401,0.616979921767883,0.6302223554101427
PAGE BLOCKS 1 3,DT,AUC,0.6341539740896358,0.5967531804388423,0.6664507469654528,0.6493164974323062
PAGE BLOCKS 1 3,DT,F-SCORE,0.33479669676546925,0.4142144680652084,0.4660396556622761,0.4649974974755288
PAGE BLOCKS 1 3,DT,G-MEAN,0.4842671002485573,0.5519473170126895,0.6058169116524769,0.6178923541612966
PAGE BLOCKS 1 3,GBC,AUC,0.6849658613445379,0.699859214519141,0.6914098972922503,0.7222375408496732
PAGE BLOCKS 1 3,GBC,F-SCORE,0.4215220248018236,0.4325882861855311,0.4423577519283763,0.4834337158957531
PAGE BLOCKS 1 3,GBC,G-MEAN,0.5513688657775924,0.5854373859888248,0.5937731526432141,0.6268178428660259
YEAST 3 (2),LR,AUC,0.8111686816350029,0.7757655508950846,0.7818899580557611,0.803311675850536
YEAST 3 (2),LR,F-SCORE,0.3127988776769265,0.2558084027215854,0.27556699307269705,0.26587633109026865
YEAST 3 (2),LR,G-MEAN,0.5293638218745592,0.6442692275786154,0.6447191860256617,0.7099097143459576
YEAST 3 (2),KNN,AUC,0.5656303972366148,0.5660416152644132,0.502722263344025,0.6684815088960167
YEAST 3 (2),KNN,F-SCORE,0.04866666666666666,0.10207539900935607,0.0676546672900109,0.10678570664831184
YEAST 3 (2),KNN,G-MEAN,0.1051827832060886,0.4094078223060673,0.008311716349233826,0.6214137153731039
YEAST 3 (2),DT,AUC,0.8705951695589002,0.8852235655344464,0.9229212928694794,0.9125887545576664
YEAST 3 (2),DT,F-SCORE,0.7035673916701081,0.6588740201970765,0.8165740107550018,0.7647469275831331
YEAST 3 (2),DT,G-MEAN,0.7550929512311805,0.8628090753828502,0.9061752953109069,0.8906252993687681
YEAST 3 (2),GBC,AUC,0.9214162348877376,0.9254406886531238,0.9345834361378405,0.9413082216191024
YEAST 3 (2),GBC,F-SCORE,0.7286297913722262,0.8532510839012386,0.8979892037786774,0.8902914663361868
YEAST 3 (2),GBC,G-MEAN,0.781126901709532,0.8715180481093124,0.9059593147777382,0.9137505644738572
ECOLI (3),LR,AUC,0.8901515151515151,0.8884379509379511,0.8857323232323232,0.9030934343434346
ECOLI (3),LR,F-SCORE,0.4370670995670996,0.6775488400488401,0.675775108729654,0.6845418470418471
ECOLI (3),LR,G-MEAN,0.5220640123176329,0.8216735580080524,0.815369179513325,0.8176543561245032
ECOLI (3),KNN,AUC,0.6918966450216449,0.7019976551226549,0.7555465367965368,0.7676993145743145
ECOLI (3),KNN,F-SCORE,0.3232142857142857,0.4875840069021887,0.5203127049717958,0.5832516809789537
ECOLI (3),KNN,G-MEAN,0.4374531498596961,0.6834124110712558,0.7146913564304822,0.7648768402449679
ECOLI (3),DT,AUC,0.6790449134199134,0.7773493867243867,0.8025568181818182,0.8585182178932178
ECOLI (3),DT,F-SCORE,0.3389911014911015,0.5072396038305128,0.5683015217106125,0.6081660763478945
ECOLI (3),DT,G-MEAN,0.4882804861779892,0.6650393046834766,0.7381642862574465,0.7787095523394715
ECOLI (3),GBC,AUC,0.8677398989898989,0.8800955988455988,0.8775703463203465,0.8960137085137084
ECOLI (3),GBC,F-SCORE,0.5493506493506494,0.5563606847697757,0.5615267939131575,0.6439361143906598
ECOLI (3),GBC,G-MEAN,0.6708424884251919,0.692747391353028,0.7130841875093353,0.7713461924426234
DERMATOLOGY,LR,AUC,0.9119332322132684,0.9038381689239864,0.9049082376242872,0.9063503850917279
DERMATOLOGY,LR,F-SCORE,0.0,0.18502644993695316,0.19024750667915813,0.1893128361349319
DERMATOLOGY,LR,G-MEAN,0.0,0.8361611817115503,0.8190307605260018,0.8456269907931314
DERMATOLOGY,KNN,AUC,0.8623173423986433,0.8654575826662546,0.9101887851963132,0.9183769120459876
DERMATOLOGY,KNN,F-SCORE,0.1905088510026782,0.3990543008048645,0.3244695357483023,0.4037008563757536
DERMATOLOGY,KNN,G-MEAN,0.268233330011721,0.7328908217958258,0.8499703290104405,0.8739434230536393
DERMATOLOGY,DT,AUC,0.8022329656024327,0.8599918494076881,0.86108444623952,0.9086533415952266
DERMATOLOGY,DT,F-SCORE,0.2434525135485355,0.3257331805509423,0.30208158421996584,0.4010177103975279
DERMATOLOGY,DT,G-MEAN,0.43666732138318937,0.7957800266128782,0.7844608025124488,0.8315740701223144
DERMATOLOGY,GBC,AUC,0.9042337632144918,0.879996332751527,0.9216570937287588,0.9457084374579106
DERMATOLOGY,GBC,F-SCORE,0.2797357763407146,0.3244162057776599,0.4197989848417509,0.4210791037951531
DERMATOLOGY,GBC,G-MEAN,0.4461714088097308,0.7150475547350236,0.7696239643559286,0.8213283880795927
EUCALYPTUS (3),LR,AUC,0.7880017270624387,0.7634090828729795,0.7699833287540819,0.7728694648353001
EUCALYPTUS (3),LR,F-SCORE,0.2063181622794893,0.1911357073712839,0.19503238600129194,0.20118558623246707
EUCALYPTUS (3),LR,G-MEAN,0.43427511843045336,0.5531909582927034,0.5535622136571118,0.6277109147373195
EUCALYPTUS (3),KNN,AUC,0.5217271285034937,0.5208074581648481,0.5116235646062237,0.7051219909225153
EUCALYPTUS (3),KNN,F-SCORE,0.0,0.021074062829282238,0.03475610472988233,0.07003309507987136
EUCALYPTUS (3),KNN,G-MEAN,0.0,0.05999765353146319,0.041233256886748594,0.6554092774113496
EUCALYPTUS (3),DT,AUC,0.8243014243949593,0.8518729973322419,0.8549629771467734,0.8982312971851819
EUCALYPTUS (3),DT,F-SCORE,0.7226475934375083,0.5934165987250234,0.4282585323341861,0.6497853700495134
EUCALYPTUS (3),DT,G-MEAN,0.7768851084434355,0.8131199516830391,0.8322370245437537,0.8760483911677887
EUCALYPTUS (3),GBC,AUC,0.8760919907603723,0.9008836667840028,0.9220749402810372,0.9321711020762132
EUCALYPTUS (3),GBC,F-SCORE,0.7139734378562025,0.8028275081893129,0.8802748336072354,0.8601792518558375
EUCALYPTUS (3),GBC,G-MEAN,0.7771853130490148,0.8604464756020734,0.8869284514529198,0.8959691567363195
PAGE BLOCKS 0 (2),LR,AUC,0.7391666666666666,0.7593518518518518,0.7602777777777777,0.7626851851851851
PAGE BLOCKS 0 (2),LR,F-SCORE,0.16,0.4625707359567008,0.4710910145925626,0.4869792110194586
PAGE BLOCKS 0 (2),LR,G-MEAN,0.2619540160269843,0.6910454923424227,0.6909947335803958,0.7061156847473935
PAGE BLOCKS 0 (2),KNN,AUC,0.6805555555555557,0.6382407407407408,0.6824074074074075,0.7282407407407407
PAGE BLOCKS 0 (2),KNN,F-SCORE,0.3533333333333333,0.32747795414462083,0.3809440835877618,0.4186388554328566
PAGE BLOCKS 0 (2),KNN,G-MEAN,0.516910969272882,0.585478715303298,0.6449521836169452,0.6816774734588985
PAGE BLOCKS 0 (2),DT,AUC,0.7177777777777777,0.6997222222222222,0.7430555555555557,0.7650925925925925
PAGE BLOCKS 0 (2),DT,F-SCORE,0.20463647463647466,0.4075827487169572,0.4198530689220948,0.5095801148742325
PAGE BLOCKS 0 (2),DT,G-MEAN,0.3834988278302456,0.6536191626891262,0.6891457026084208,0.7175430076906898
PAGE BLOCKS 0 (2),GBC,AUC,0.6804629629629629,0.6998148148148149,0.7449074074074074,0.7755555555555556
PAGE BLOCKS 0 (2),GBC,F-SCORE,0.1558080808080808,0.3850591821941937,0.4542653447916605,0.5121102382658447
PAGE BLOCKS 0 (2),GBC,G-MEAN,0.3294955028575321,0.6241604414120033,0.6694852876650139,0.7200402195839327
SEGMENTATION (3),LR,AUC,0.9557810456521576,0.9567554384735594,0.9585419006737578,0.9584250791249406
SEGMENTATION (3),LR,F-SCORE,0.0,0.18113649671209808,0.1977482573038453,0.19134469176756952
SEGMENTATION (3),LR,G-MEAN,0.0,0.9236855774417176,0.9288406560509114,0.9269584898134826
SEGMENTATION (3),KNN,AUC,0.8434899794729401,0.8420523853218524,0.8388895178514776,0.9189112704615638
SEGMENTATION (3),KNN,F-SCORE,0.5139349054765153,0.43333333333333335,0.3179887916967605,0.4427229319111993
SEGMENTATION (3),KNN,G-MEAN,0.6444404602746601,0.8165547865600992,0.8113481900359886,0.8553561608809135
SEGMENTATION (3),DT,AUC,0.8332879808803332,0.8387714646030977,0.8388587032062912,0.9463746505956822
SEGMENTATION (3),DT,F-SCORE,0.2667374058915669,0.3699740346056853,0.3095983758370405,0.430037141121725
SEGMENTATION (3),DT,G-MEAN,0.4460786046854157,0.7377508880119553,0.7697941594441117,0.9376338249137444
SEGMENTATION (3),GBC,AUC,0.9113358573950184,0.9276159847256232,0.9594563620872602,0.9718993220533891
SEGMENTATION (3),GBC,F-SCORE,0.3331059572532969,0.4491375786055185,0.5123260474556518,0.5342800446483938
SEGMENTATION (3),GBC,G-MEAN,0.4775416920491118,0.7402674450154801,0.7405543949990591,0.8531038670274733
VOWEL (2),LR,AUC,1.0,1.0,1.0,1.0
VOWEL (2),LR,F-SCORE,0.9866666666666668,0.9616666666666666,0.9616666666666666,0.9738888888888888
VOWEL (2),LR,G-MEAN,0.997202659436654,0.9915677225981641,0.9915677225981641,0.9944053188733076
VOWEL (2),KNN,AUC,0.9960317460317459,0.9968253968253968,0.9964285714285712,0.9989417989417988
VOWEL (2),KNN,F-SCORE,0.8727805527805527,0.9733333333333332,0.9688888888888888,0.9733333333333332
VOWEL (2),KNN,G-MEAN,0.9012906743844208,0.9944053188733076,0.9934728720188589,0.9944053188733076
VOWEL (2),DT,AUC,0.9326719576719577,0.9612433862433862,0.969179894179894,0.9894179894179894
VOWEL (2),DT,F-SCORE,0.8899633699633699,0.9233760683760682,0.94017094017094,0.9514529914529912
VOWEL (2),DT,G-MEAN,0.9300726033675648,0.9602826976920666,0.9680656206490404,0.987754992036968
VOWEL (2),GBC,AUC,0.9785714285714284,0.9968253968253968,0.9965608465608464,1.0
VOWEL (2),GBC,F-SCORE,0.9358974358974358,0.9118376068376068,0.9283760683760685,0.9712820512820513
VOWEL (2),GBC,G-MEAN,0.939358890854724,0.9419024652590848,0.9546450646968084,0.987568261341382
LED (2),LR,AUC,0.8929150062160996,0.8899366319130828,0.8924998998758461,0.8946854514516415
LED (2),LR,F-SCORE,0.0,0.13149253520476395,0.14460843740818466,0.14012546074327611
LED (2),LR,G-MEAN,0.0,0.8398945234210521,0.8467901115539357,0.8446779409582238
LED (2),KNN,AUC,0.7847381991431613,0.7870311970059657,0.8609191516361406,0.8777209287301801
LED (2),KNN,F-SCORE,0.05017241379310345,0.3637027914614122,0.2454269381733885,0.3933855799373041
LED (2),KNN,G-MEAN,0.09981899954293208,0.7130420907568954,0.8120103547159223,0.8415700322756319
LED (2),DT,AUC,0.8656868089857997,0.7587125893917316,0.8026287337557313,0.9031673475575914
LED (2),DT,F-SCORE,0.3012818828680897,0.26856439805405324,0.21066239468570652,0.4437318007662836
LED (2),DT,G-MEAN,0.5062963463190439,0.6441550693633427,0.6570481195972746,0.8548558060790411
LED (2),GBC,AUC,0.8956456929669714,0.8706401952406999,0.9288745004178142,0.9338579141165348
LED (2),GBC,F-SCORE,0.3471100164203612,0.4631702244116038,0.4141456602146258,0.5164499178981937
LED (2),GBC,G-MEAN,0.5604738447914256,0.6356399917736898,0.7462388371754858,0.7752775342512067
YEAST 3 (3),LR,AUC,0.9580911360100736,0.9471065273016124,0.9543313970170768,0.9548615591976024
YEAST 3 (3),LR,F-SCORE,0.7348698882226966,0.5204891881158206,0.6135789173852535,0.5640244614874117
YEAST 3 (3),LR,G-MEAN,0.8245813389228142,0.8367531591261596,0.8576378023068828,0.8701136648315958
YEAST 3 (3),KNN,AUC,0.8980455292612334,0.9153099356202276,0.9274455824344332,0.931560964540098
YEAST 3 (3),KNN,F-SCORE,0.5949335339854527,0.5441084707354394,0.68900575221117,0.6891490751535899
YEAST 3 (3),KNN,G-MEAN,0.7065131732029304,0.8758131538584767,0.9067798878624796,0.9066962276686418
YEAST 3 (3),DT,AUC,0.9006755380266546,0.8905465358071236,0.9053468042981218,0.924147987508635
YEAST 3 (3),DT,F-SCORE,0.7734595648698058,0.6373574118627896,0.7559462556373571,0.7734595648698058
YEAST 3 (3),DT,G-MEAN,0.8680419666105791,0.8502494289578778,0.8660619052844001,0.8680419666105791
YEAST 3 (3),GBC,AUC,0.9529398972910508,0.9385030967368688,0.9651992685739558,0.967863516002437
YEAST 3 (3),GBC,F-SCORE,0.7734595648698058,0.6369249380102765,0.7734595648698058,0.7821912395157019
YEAST 3 (3),GBC,G-MEAN,0.8680419666105791,0.850360602404619,0.8680419666105791,0.8743468196605226
PAGE BLOCKS 0 (3),LR,AUC,0.8548654138169217,0.8458535274454184,0.841516820123864,0.8484304111647919
PAGE BLOCKS 0 (3),LR,F-SCORE,0.051711631458386365,0.1231833025711206,0.12121941876668045,0.1266968236423879
PAGE BLOCKS 0 (3),LR,G-MEAN,0.10518449029630476,0.7826462654342251,0.7760876314638271,0.7964493377731552
PAGE BLOCKS 0 (3),KNN,AUC,0.5720484656202582,0.5728187026839643,0.6547852576472376,0.6877965129991298
PAGE BLOCKS 0 (3),KNN,F-SCORE,0.0,0.07572161465918245,0.08730433019654542,0.13925744286431715
PAGE BLOCKS 0 (3),KNN,G-MEAN,0.0,0.34164604792723724,0.5893768614475854,0.5849556570597376
PAGE BLOCKS 0 (3),DT,AUC,0.7847621218517986,0.7635897392508805,0.7910635796561944,0.8524583840046206
PAGE BLOCKS 0 (3),DT,F-SCORE,0.3100004557088448,0.16983814679278197,0.20205199384573497,0.2966604901186493
PAGE BLOCKS 0 (3),DT,G-MEAN,0.4862813461045184,0.7603178994489879,0.7713127173206349,0.8186427802737927
PAGE BLOCKS 0 (3),GBC,AUC,0.8284048573147579,0.8215787556537779,0.8276457685147981,0.8709653196734449
PAGE BLOCKS 0 (3),GBC,F-SCORE,0.34303955245543283,0.32518252326120656,0.2594329511874385,0.4100067872599554
PAGE BLOCKS 0 (3),GBC,G-MEAN,0.5011142581234477,0.7080176783812968,0.7078431138316609,0.8209789362383678
MANDELON 1,LR,AUC,0.9996786042240589,0.999959187837976,0.9998316498316498,0.999989796959494
MANDELON 1,LR,F-SCORE,0.9878760045924224,0.96977619141302,0.9820521825262828,0.9791243663641268
MANDELON 1,LR,G-MEAN,0.9933874013805799,0.9927178216166992,0.9928814981985836,0.9949226637146694
MANDELON 1,KNN,AUC,0.987243648607285,0.9861570247933884,0.9863355780022448,0.9946536067748191
MANDELON 1,KNN,F-SCORE,0.9357641813051476,0.9287002908910156,0.9269785271361841,0.9307125102281124
MANDELON 1,KNN,G-MEAN,0.9605469260529824,0.9824748325935608,0.982306597254352,0.9862209439071168
MANDELON 1,DT,AUC,0.9833715947352312,0.9821191715131108,0.9836674829099072,0.9928604224058768
MANDELON 1,DT,F-SCORE,0.9588656545526306,0.9266736918574916,0.9459669800543454,0.958385334219369
MANDELON 1,DT,G-MEAN,0.9823173510139176,0.9775534386872904,0.9831303816064244,0.9898638846538056
MANDELON 1,GBC,AUC,0.99531935516784,0.9945592286501376,0.9993265993265994,0.9999030711151924
MANDELON 1,GBC,F-SCORE,0.9765644585593436,0.9622399861381424,0.9641669480651044,0.9871183468251836
MANDELON 1,GBC,G-MEAN,0.9839107150322288,0.9855779720004556,0.9857414508634074,0.9961048548133008
MANDELON 2,LR,AUC,0.9693140280929164,0.9853578887987084,0.9841205598923448,0.9870900812481528
MANDELON 2,LR,F-SCORE,0.7287350057509191,0.5956323144799639,0.6055559459577388,0.6331065820465978
MANDELON 2,LR,G-MEAN,0.7967328955936098,0.9189570677177548,0.9150330368584666,0.9484627987657214
MANDELON 2,KNN,AUC,0.9330682219865676,0.9331919406150584,0.9552963355720512,0.9673382546512695
MANDELON 2,KNN,F-SCORE,0.7610469858879191,0.9176829268292682,0.9388060632524484,0.9388060632524484
MANDELON 2,KNN,G-MEAN,0.7854794904800023,0.9252965166273128,0.94514236712848,0.94514236712848
MANDELON 2,DT,AUC,0.9390623878913068,0.935247225518972,0.9503383529503662,0.9915454493991138
MANDELON 2,DT,F-SCORE,0.9032368207650308,0.7823346037801097,0.7866876386172611,0.8785933344655098
MANDELON 2,DT,G-MEAN,0.9359674674254403,0.932896179134249,0.9475782425996496,0.984790072068452
MANDELON 2,GBC,AUC,0.9937724999061991,0.9978965858397956,0.9988038228694164,0.999834997945154
MANDELON 2,GBC,F-SCORE,0.8953770490726848,0.8760654156548296,0.9104805589268258,0.9754423173522354
MANDELON 2,GBC,G-MEAN,0.928325833532906,0.9372313481489624,0.9690132327441447,0.9986989924833224
YEAST 4,LR,AUC,0.9662738307935392,0.967040821158205,0.967587167133182,0.9677780458955204
YEAST 4,LR,F-SCORE,0.0,0.5311496251113671,0.5408680642661611,0.5417576114688137
YEAST 4,LR,G-MEAN,0.0,0.8894764840408086,0.8880460822739221,0.8965018975758431
YEAST 4,KNN,AUC,0.9157026402972668,0.9091451203214554,0.9320471814480148,0.9547436544194832
YEAST 4,KNN,F-SCORE,0.6158783437293129,0.6340750795591914,0.6203949161211414,0.642436405511129
YEAST 4,KNN,G-MEAN,0.7306722230590591,0.8596983976437227,0.8778928247119799,0.8913358472047245
YEAST 4,DT,AUC,0.9327357292312424,0.9386285326571652,0.929396377522192,0.9549476263115638
YEAST 4,DT,F-SCORE,0.6931111557131183,0.652494179305597,0.6635968880069942,0.7166065892957691
YEAST 4,DT,G-MEAN,0.8438780901362003,0.9144364530237986,0.9126529830575582,0.9332802470825202
YEAST 4,GBC,AUC,0.9633084032810384,0.9558195698192756,0.95753254837846,0.9698777348209652
YEAST 4,GBC,F-SCORE,0.6753449735931104,0.6744443794441489,0.7053268098025359,0.7160878347127895
YEAST 4,GBC,G-MEAN,0.8094123518741051,0.8920386192623319,0.9075391436124086,0.9245417193337718
VOWEL (3),LR,AUC,1.0,1.0,1.0,1.0
VOWEL (3),LR,F-SCORE,0.9866666666666668,0.9616666666666666,0.9616666666666666,0.97
VOWEL (3),LR,G-MEAN,0.997202659436654,0.9915677225981641,0.9915677225981641,0.9934594534482598
VOWEL (3),KNN,AUC,0.9972222222222222,0.9952380952380953,0.9985449735449736,0.9997354497354496
VOWEL (3),KNN,F-SCORE,0.9073260073260072,0.9616666666666666,0.9565384615384614,0.9638095238095236
VOWEL (3),KNN,G-MEAN,0.9219330766897794,0.9915677225981641,0.986622395916334,0.9915677225981641
VOWEL (3),DT,AUC,0.9558201058201058,0.943121693121693,0.9638888888888888,0.9880952380952379
VOWEL (3),DT,F-SCORE,0.8972035480859009,0.9024847374847372,0.9286935286935286,0.9586324786324786
VOWEL (3),DT,G-MEAN,0.9548243634181788,0.9401252113460309,0.961562209913676,0.9835822186551992
VOWEL (3),GBC,AUC,0.9968253968253968,0.9976190476190476,0.9965608465608464,1.0
VOWEL (3),GBC,F-SCORE,0.9134126984126985,0.9194505494505494,0.9473931623931624,0.9712820512820513
VOWEL (3),GBC,G-MEAN,0.958580987977172,0.9517996856357516,0.9692328705724532,0.9867184018721628
YEAST 5,LR,AUC,0.9957814387675844,0.9957404869948164,0.9958967404456436,0.9963290072002756
YEAST 5,LR,F-SCORE,0.9394116229088456,0.924304507965153,0.9247718140329908,0.9307961278507868
YEAST 5,LR,G-MEAN,0.960110875554978,0.9603545892648973,0.9594060884242414,0.9648738491172456
YEAST 5,KNN,AUC,0.9804801542493281,0.9792147550435528,0.9811054441188038,0.9833808901360032
YEAST 5,KNN,F-SCORE,0.9030423958246376,0.8854960109671407,0.885505611345703,0.9066152704561944
YEAST 5,KNN,G-MEAN,0.9443439536035864,0.9517502819912148,0.9522703921909864,0.958252371933843
YEAST 5,DT,AUC,0.9530095588204196,0.9517797134127748,0.9476231260980972,0.9624564255986408
YEAST 5,DT,F-SCORE,0.8616480863731902,0.8558744942671264,0.8577094761994309,0.8700372068965812
YEAST 5,DT,G-MEAN,0.9166624104031116,0.9277493876801394,0.9169167165297404,0.9383791507671652
YEAST 5,GBC,AUC,0.9937034769770214,0.9932685670356791,0.9938142676164282,0.9956490209871376
YEAST 5,GBC,F-SCORE,0.9122970452053982,0.9246276538075486,0.9249603157458351,0.9322537979490096
YEAST 5,GBC,G-MEAN,0.9442609403608649,0.9569258908581308,0.9551016747233904,0.9656498818573692
YEAST 6,LR,AUC,0.7852668866593779,0.7879013870739024,0.7870434385383516,0.7886358026903827
YEAST 6,LR,F-SCORE,0.33753019529858913,0.5918453109994205,0.5882623713968911,0.5943867953850542
YEAST 6,LR,G-MEAN,0.4631200703683778,0.7139593660493793,0.7110268489256862,0.7160066267469617
YEAST 6,KNN,AUC,0.7458716269552683,0.7388259260707125,0.7443352818336305,0.755845606762822
YEAST 6,KNN,F-SCORE,0.5171341439841108,0.5546738954410056,0.5704592089146701,0.5735804559239944
YEAST 6,KNN,G-MEAN,0.6372516958200096,0.6824176702176533,0.6964504131786237,0.6982699190948903
YEAST 6,DT,AUC,0.7613209143981297,0.7505549969166757,0.7570311566478738,0.7642796149464072
YEAST 6,DT,F-SCORE,0.5117040439661844,0.5728190075536069,0.5928551528790148,0.5933961968150592
YEAST 6,DT,G-MEAN,0.6293111356288845,0.6908327482325967,0.7126107235486323,0.7133782817376844
YEAST 6,GBC,AUC,0.8079209179933949,0.8091143389285201,0.8012799231186457,0.8071090659031145
YEAST 6,GBC,F-SCORE,0.5660357785851452,0.6148811770687416,0.6067700076218566,0.6166594068834704
YEAST 6,GBC,G-MEAN,0.6694760314521315,0.7325802895890073,0.7232237711681165,0.7334430765644623
MANDELON 1 (2),LR,AUC,0.9994031221303948,0.9996020814202632,0.9994490358126722,0.999862258953168
MANDELON 1 (2),LR,F-SCORE,0.986031746031746,0.9679051122632648,0.9808519721666462,0.9777642961465004
MANDELON 1 (2),LR,G-MEAN,0.990439832972476,0.9938001726820228,0.9945588674264032,0.994390624619882
MANDELON 1 (2),KNN,AUC,0.9876721763085401,0.9885445362718088,0.9886975818794,0.992741812059994
MANDELON 1 (2),KNN,F-SCORE,0.9221604751837308,0.8994016368636428,0.8987306411926473,0.9021080168674991
MANDELON 1 (2),KNN,G-MEAN,0.955882819664979,0.976535688296977,0.9808790380987664,0.9845912482604631
MANDELON 1 (2),DT,AUC,0.970565503520049,0.9759718396082032,0.9817378328741966,0.9910047444138352
MANDELON 1 (2),DT,F-SCORE,0.9342989911955542,0.9164470127467352,0.9347678138149924,0.9389475544840948
MANDELON 1 (2),DT,G-MEAN,0.9635294912217032,0.976011499007188,0.9831051019317688,0.9905209181621972
MANDELON 1 (2),GBC,AUC,0.9955348943985308,0.9923018059381696,0.9984121518212428,0.9998928680746862
MANDELON 1 (2),GBC,F-SCORE,0.9693055018453288,0.954962577773498,0.9583344835518748,0.9852964166110908
MANDELON 1 (2),GBC,G-MEAN,0.9805911856898416,0.9770048652206744,0.984508306330796,0.994911913609974
MANDELON 2 (2),LR,AUC,0.8203178951245339,0.8269339962862361,0.8257715267866734,0.8290747817012721
MANDELON 2 (2),LR,F-SCORE,0.5450035147740402,0.6695479512560182,0.6708734174742617,0.6770406632766822
MANDELON 2 (2),LR,G-MEAN,0.6421097521413189,0.7458037497233594,0.7515182605993634,0.7524822622298396
MANDELON 2 (2),KNN,AUC,0.8764012936789283,0.8801601368874975,0.8805591363196906,0.8849001734112917
MANDELON 2 (2),KNN,F-SCORE,0.6974248994900186,0.7006106122732332,0.7222940898465832,0.7215186521132337
MANDELON 2 (2),KNN,G-MEAN,0.7726197588129503,0.7796525375463995,0.7989695168236243,0.7971092801762104
MANDELON 2 (2),DT,AUC,0.8040039976673881,0.8008206344090972,0.8125949541917958,0.8312769516443381
MANDELON 2 (2),DT,F-SCORE,0.7419532266685472,0.7444924546421667,0.7348101980647015,0.7664380678573844
MANDELON 2 (2),DT,G-MEAN,0.8108531887911797,0.8133802097073074,0.8074361581545738,0.8327822226291793
MANDELON 2 (2),GBC,AUC,0.9354301904454984,0.92702434663843,0.9314593787885764,0.9369983733100072
MANDELON 2 (2),GBC,F-SCORE,0.8200435338285805,0.7872663416056739,0.793130050482744,0.8160899969639841
MANDELON 2 (2),GBC,G-MEAN,0.8600226868690085,0.8411641092138944,0.8483013779052477,0.8647990093178097
YEAST 4 (2),LR,AUC,0.802433109031924,0.9070361280106862,0.9045806051306392,0.9158404948654058
YEAST 4 (2),LR,F-SCORE,0.0,0.3339207247588743,0.3423991647715323,0.3448142331733117
YEAST 4 (2),LR,G-MEAN,0.0,0.8337044367863135,0.8241877387924096,0.8388604571202931
YEAST 4 (2),KNN,AUC,0.6859438120587459,0.6904542162529866,0.7507403606688455,0.7415925631812641
YEAST 4 (2),KNN,F-SCORE,0.107390873015873,0.27484988629290097,0.25429603283789903,0.30141886422778985
YEAST 4 (2),KNN,G-MEAN,0.15762575047294206,0.6478306200394368,0.6749237204013578,0.6865556852837399
YEAST 4 (2),DT,AUC,0.8203779380990136,0.7474788388722141,0.8673065323094259,0.8725894895148474
YEAST 4 (2),DT,F-SCORE,0.25707702791036124,0.2410632049676163,0.3828648073045848,0.4341521722649173
YEAST 4 (2),DT,G-MEAN,0.4190664831073923,0.7201397263345944,0.8040130956092352,0.7913744417008192
YEAST 4 (2),GBC,AUC,0.8735597508413829,0.8519645882548851,0.8588589884952547,0.8829390010171206
YEAST 4 (2),GBC,F-SCORE,0.33264064253647585,0.3526777562804556,0.3955034323957935,0.4536354945209111
YEAST 4 (2),GBC,G-MEAN,0.5092670275616277,0.6681715190922509,0.7171451105156826,0.7357936554669261
YEAST 5 (2),LR,AUC,0.9455178644285129,0.9384604923160612,0.9385527772920672,0.9404956188921916
YEAST 5 (2),LR,F-SCORE,0.0,0.5151799105287477,0.5285963206228986,0.5304625238180055
YEAST 5 (2),LR,G-MEAN,0.0,0.9192004261770876,0.9229615004554969,0.9229580472682488
YEAST 5 (2),KNN,AUC,0.96703240659789,0.9617560304415524,0.9638381668456856,0.9666419301298652
YEAST 5 (2),KNN,F-SCORE,0.7592153140325898,0.6913463059642461,0.7137382366618247,0.7353899699414649
YEAST 5 (2),KNN,G-MEAN,0.8701927976112055,0.9214488091352634,0.9496664137096532,0.9533805337078056
YEAST 5 (2),DT,AUC,0.8313929202852091,0.8324191569732747,0.8619368187911639,0.944967450464478
YEAST 5 (2),DT,F-SCORE,0.6868217054263566,0.6143964562569214,0.7121420661287772,0.8245926277487738
YEAST 5 (2),DT,G-MEAN,0.7637664753926416,0.7975807867701409,0.8514240048747377,0.9398480518918836
YEAST 5 (2),GBC,AUC,0.909238073034191,0.9312476928755998,0.9584596180373414,0.9698661798460714
YEAST 5 (2),GBC,F-SCORE,0.7431419079259609,0.6724147023150345,0.6865211200759372,0.8114573994972666
YEAST 5 (2),GBC,G-MEAN,0.7969285806640034,0.8001788999463365,0.8213201980591202,0.9267630862507144
MANDELON 1 (3),LR,AUC,0.8894444444444445,0.8955555555555555,0.8885185185185186,0.9020370370370372
MANDELON 1 (3),LR,F-SCORE,0.6772052508894614,0.7378295660324645,0.7288257023946679,0.7498336361382337
MANDELON 1 (3),LR,G-MEAN,0.7493727564866218,0.8214077325881063,0.8148798214191721,0.8309391223718637
MANDELON 1 (3),KNN,AUC,0.6338888888888891,0.6230555555555556,0.6236111111111112,0.647962962962963
MANDELON 1 (3),KNN,F-SCORE,0.3868627450980393,0.4381470942863776,0.4471087016295882,0.4853949805483288
MANDELON 1 (3),KNN,G-MEAN,0.5158255996882001,0.5789121141364882,0.5851690072107543,0.6175410386941284
MANDELON 1 (3),DT,AUC,0.7991666666666668,0.8298148148148147,0.8252777777777777,0.8279629629629629
MANDELON 1 (3),DT,F-SCORE,0.6110687830687831,0.6977307284065484,0.7011879548718629,0.6962784482532111
MANDELON 1 (3),DT,G-MEAN,0.7007004957614631,0.7845570228215831,0.7841952034518448,0.7811923154490049
MANDELON 1 (3),GBC,AUC,0.887962962962963,0.8731481481481481,0.8941666666666667,0.8935185185185186
MANDELON 1 (3),GBC,F-SCORE,0.6899023851965028,0.6995425413796229,0.7065719007284541,0.7337742308543224
MANDELON 1 (3),GBC,G-MEAN,0.7584055173530384,0.7840187914188544,0.7807467117373514,0.8011632200174543
MANDELON 2 (3),LR,AUC,1.0,1.0,1.0,1.0
MANDELON 2 (3),LR,F-SCORE,1.0,1.0,1.0,1.0
MANDELON 2 (3),LR,G-MEAN,1.0,1.0,1.0,1.0
MANDELON 2 (3),KNN,AUC,1.0,1.0,1.0,1.0
MANDELON 2 (3),KNN,F-SCORE,1.0,1.0,1.0,1.0
MANDELON 2 (3),KNN,G-MEAN,1.0,1.0,1.0,1.0
MANDELON 2 (3),DT,AUC,1.0,1.0,1.0,1.0
MANDELON 2 (3),DT,F-SCORE,1.0,1.0,1.0,1.0
MANDELON 2 (3),DT,G-MEAN,1.0,1.0,1.0,1.0
MANDELON 2 (3),GBC,AUC,1.0,1.0,1.0,1.0
MANDELON 2 (3),GBC,F-SCORE,1.0,1.0,1.0,1.0
MANDELON 2 (3),GBC,G-MEAN,1.0,1.0,1.0,1.0
YEAST 4 (3),LR,AUC,0.9852754468896782,0.9908229291535674,0.9904517462184323,0.9913385098734996
YEAST 4 (3),LR,F-SCORE,0.828173374613003,0.7627312488245086,0.7623563599528632,0.8044235355916616
YEAST 4 (3),LR,G-MEAN,0.8770891886067801,0.954409054466438,0.9513296562728804,0.9607078713058904
YEAST 4 (3),KNN,AUC,1.0,1.0,1.0,1.0
YEAST 4 (3),KNN,F-SCORE,0.9942741469057259,1.0,1.0,1.0
YEAST 4 (3),KNN,G-MEAN,0.9943536564067764,1.0,1.0,1.0
YEAST 4 (3),DT,AUC,0.968489602312375,0.9653651441967378,0.9651202019935482,0.9873483561479738
YEAST 4 (3),DT,F-SCORE,0.9086630393213414,0.8775636550685535,0.8651654881536547,0.921410632456022
YEAST 4 (3),DT,G-MEAN,0.9479874376481352,0.9597917031611702,0.96295904468063,0.9825846035778404
YEAST 4 (3),GBC,AUC,0.9970920443208006,0.999071990306186,0.9995876024397048,0.9998762723549549
YEAST 4 (3),GBC,F-SCORE,0.9611892793007344,0.9538195868362198,0.9453511619108692,0.9819591104909664
YEAST 4 (3),GBC,G-MEAN,0.9755540486940664,0.9815191891235894,0.9806125541789396,0.9945806647773392
YEAST 6 (2),LR,AUC,0.9478151075868344,0.9637199702422712,0.9637978164613152,0.966336175738304
YEAST 6 (2),LR,F-SCORE,0.6838932603124949,0.702159925471498,0.6975531729279996,0.7217882635239624
YEAST 6 (2),LR,G-MEAN,0.7493689662350981,0.9024699452630928,0.8992862911971878,0.9207020728618236
YEAST 6 (2),KNN,AUC,0.9479366632833012,0.9455812527159184,0.9559569196533804,0.9618233619615816
YEAST 6 (2),KNN,F-SCORE,0.7898421585538685,0.8156516997058848,0.7975992876744874,0.8169683015450633
YEAST 6 (2),KNN,G-MEAN,0.8544688515852944,0.9231886389138148,0.9221599181138332,0.9296099243876194
YEAST 6 (2),DT,AUC,0.9323316796563528,0.9424290375090854,0.9621644496959124,0.9700153292965203
YEAST 6 (2),DT,F-SCORE,0.8491220931619119,0.8177245386827837,0.8129494476418527,0.8322451014430831
YEAST 6 (2),DT,G-MEAN,0.9054169603183048,0.9322515808972138,0.9350703099142446,0.9481808323315754
YEAST 6 (2),GBC,AUC,0.9912293593709296,0.99027709098068,0.99179893617262,0.9918449751656808
YEAST 6 (2),GBC,F-SCORE,0.8743900507662782,0.8732687199278567,0.8682360231845264,0.8782167727712058
YEAST 6 (2),GBC,G-MEAN,0.9256438086520032,0.9520358835673214,0.9576297042756121,0.9614825901200768
