Dataset,Classifier,Metric,NO OVERSAMPLING,RANDOM OVERSAMPLING,K-MEANS RANDOM OVERSAMPLING
MANDELON 1 (3),LR,ROC AUC,0.8643943608870338,0.8434995036669899,0.8643943608870338
MANDELON 1 (3),LR,F1,0.07869184805804523,0.08502789490738541,0.14924056082318854
MANDELON 1 (3),LR,GEOMETRIC MEAN SCORE,0.1693444752212658,0.766612777145264,0.7752510681882271
MANDELON 1 (3),KNN,ROC AUC,0.5663309996886924,0.5659463299899306,0.5666307605162527
MANDELON 1 (3),KNN,F1,0.0,0.06252343423692373,0.07729732201563189
MANDELON 1 (3),KNN,GEOMETRIC MEAN SCORE,0.0,0.2586983975908865,0.2597162419284659
MANDELON 1 (3),DT,ROC AUC,0.765315214606362,0.6466596871392831,0.786349952358005
MANDELON 1 (3),DT,F1,0.14809509952275637,0.10532503087962192,0.18812705574851402
MANDELON 1 (3),DT,GEOMETRIC MEAN SCORE,0.2803756444608645,0.6806114025008361,0.6954294522437019
MANDELON 1 (3),GBC,ROC AUC,0.8421427568071135,0.7889114803932697,0.8514354121571884
MANDELON 1 (3),GBC,F1,0.1805001306103572,0.2224764512712012,0.23196143685989737
MANDELON 1 (3),GBC,GEOMETRIC MEAN SCORE,0.3854238594984102,0.6192600192039197,0.6079353977078027
SEGMENTATION (3),LR,ROC AUC,0.9996151022706046,0.9996296568425755,0.9996639778099108
SEGMENTATION (3),LR,F1,0.9908630860120853,0.9823164301161472,0.9908630860120853
SEGMENTATION (3),LR,GEOMETRIC MEAN SCORE,0.9950894853461145,0.994583425705433,0.9950894853461145
SEGMENTATION (3),KNN,ROC AUC,0.970293854097682,0.9737342224782417,0.9737342224782417
SEGMENTATION (3),KNN,F1,0.8440053694498176,0.8537247250357298,0.8537247250357298
SEGMENTATION (3),KNN,GEOMETRIC MEAN SCORE,0.8966133216356724,0.9486735319141547,0.9486735319141547
SEGMENTATION (3),DT,ROC AUC,0.9574659566047126,0.9724125419460348,0.9837092409939301
SEGMENTATION (3),DT,F1,0.9339612811411712,0.9401883992895195,0.9596202580368628
SEGMENTATION (3),DT,GEOMETRIC MEAN SCORE,0.9560910101727997,0.9729291369205344,0.9836458960080423
SEGMENTATION (3),GBC,ROC AUC,0.9934673581802769,0.9991452119801402,0.9991962427847595
SEGMENTATION (3),GBC,F1,0.9640634825809028,0.9663319071972655,0.9771525695129379
SEGMENTATION (3),GBC,GEOMETRIC MEAN SCORE,0.9806788582775832,0.9847700252461425,0.9856435334675233
SEGMENTATION,LR,ROC AUC,0.9996923783287419,0.99972681359045,0.9998186409550046
SEGMENTATION,LR,F1,0.9908534264077664,0.9841616910232918,0.9908534264077664
SEGMENTATION,LR,GEOMETRIC MEAN SCORE,0.9934027396648947,0.9935342552311541,0.9950657589801617
SEGMENTATION,KNN,ROC AUC,0.9964600550964187,0.9948197887970616,0.9965025252525253
SEGMENTATION,KNN,F1,0.9441647437242149,0.9425389425389424,0.9452405831716176
SEGMENTATION,KNN,GEOMETRIC MEAN SCORE,0.9802234804888963,0.9873478054653873,0.9878579048115491
SEGMENTATION,DT,ROC AUC,0.9867320936639119,0.9896590909090909,0.989385904499541
SEGMENTATION,DT,F1,0.9757263386823821,0.97053616048212,0.9757100064812574
SEGMENTATION,DT,GEOMETRIC MEAN SCORE,0.9864043693904601,0.9848815236477253,0.9863853222590324
SEGMENTATION,GBC,ROC AUC,0.9994582185491276,0.9994972451790634,0.9996877869605142
SEGMENTATION,GBC,F1,0.9809455908597666,0.9863411900907268,0.9878224920204592
SEGMENTATION,GBC,GEOMETRIC MEAN SCORE,0.9872996179866429,0.9913701674743693,0.9921419387600858
YEAST 4 (3),LR,ROC AUC,0.8763980439716197,0.8874501433265367,0.8899761331144642
YEAST 4 (3),LR,F1,0.0,0.1360390327856112,0.1400985988429862
YEAST 4 (3),LR,GEOMETRIC MEAN SCORE,0.0,0.839355995254067,0.8411525774076701
YEAST 4 (3),KNN,ROC AUC,0.7714947150513582,0.7714580862512087,0.7731115430416682
YEAST 4 (3),KNN,F1,0.06648275862068967,0.2502410509031199,0.25629981647831546
YEAST 4 (3),KNN,GEOMETRIC MEAN SCORE,0.14803534313232042,0.6309276377167037,0.6309276377167037
YEAST 4 (3),DT,ROC AUC,0.8364225853705602,0.7122753617796507,0.8364225853705602
YEAST 4 (3),DT,F1,0.22763175521796208,0.1744020719024924,0.2852873563218391
YEAST 4 (3),DT,GEOMETRIC MEAN SCORE,0.3831968901941373,0.6585444269865401,0.7300123139009536
YEAST 4 (3),GBC,ROC AUC,0.8789020978576789,0.8475484631832132,0.8760563681476017
YEAST 4 (3),GBC,F1,0.3250368405540819,0.3328407224958949,0.34152380952380956
YEAST 4 (3),GBC,GEOMETRIC MEAN SCORE,0.44519149099874955,0.5792826714968538,0.6381941494674876
PIMA (2),LR,ROC AUC,0.8016414510516071,0.8152511917229726,0.819824016962496
PIMA (2),LR,F1,0.31597564474481177,0.5636385561738348,0.5701179152826892
PIMA (2),LR,GEOMETRIC MEAN SCORE,0.45348635989693337,0.7477042167468724,0.7555638077259532
PIMA (2),KNN,ROC AUC,0.712871853525114,0.7021462277068389,0.722403188135778
PIMA (2),KNN,F1,0.34751889580236034,0.4613028343945055,0.4613981637306829
PIMA (2),KNN,GEOMETRIC MEAN SCORE,0.5145949505510317,0.6685677405799038,0.6667278818273245
PIMA (2),DT,ROC AUC,0.7771409697903168,0.7361046494460375,0.7771409697903168
PIMA (2),DT,F1,0.4060304211858996,0.49667402693268425,0.5273737481723916
PIMA (2),DT,GEOMETRIC MEAN SCORE,0.5675675785649728,0.689970361381036,0.7267983943477467
PIMA (2),GBC,ROC AUC,0.8317741586738239,0.8098540785286978,0.8317598994328212
PIMA (2),GBC,F1,0.47272761415221326,0.5288701714558726,0.5319704219668644
PIMA (2),GBC,GEOMETRIC MEAN SCORE,0.6112994739391886,0.7015020795512565,0.6996961143581846
GLASS,LR,ROC AUC,0.8184850331843424,0.8230499966138427,0.8242817113639442
GLASS,LR,F1,0.5071420819105297,0.6510051580501447,0.7005492614998272
GLASS,LR,GEOMETRIC MEAN SCORE,0.6138790621344886,0.7308435105744495,0.7823344692452424
GLASS,KNN,ROC AUC,0.8492313422727888,0.8312720100230259,0.8492313422727888
GLASS,KNN,F1,0.6690827757102153,0.6740739970683937,0.6925122929256436
GLASS,KNN,GEOMETRIC MEAN SCORE,0.7543782479509339,0.7565391924973259,0.7743582419251402
GLASS,DT,ROC AUC,0.7863736793986185,0.7857662874170391,0.8153041615874306
GLASS,DT,F1,0.6763977616339214,0.7079473171793367,0.7286058458965126
GLASS,DT,GEOMETRIC MEAN SCORE,0.7554646870427859,0.7818763111797402,0.7984932141475208
GLASS,GBC,ROC AUC,0.8977697920899363,0.8984131619937695,0.9005866517675741
GLASS,GBC,F1,0.7516610618121853,0.7708551349688317,0.7669345618314874
GLASS,GBC,GEOMETRIC MEAN SCORE,0.8105977900478428,0.8324907308646272,0.8247718332904014
ECOLI (2),LR,ROC AUC,0.9091659943728,0.9075061509871681,0.9100114490642071
ECOLI (2),LR,F1,0.0,0.5095029687213074,0.5728445747800586
ECOLI (2),LR,GEOMETRIC MEAN SCORE,0.0,0.8620460456891894,0.8887127340600152
ECOLI (2),KNN,ROC AUC,0.947597843843193,0.9413804801984371,0.947597843843193
ECOLI (2),KNN,F1,0.8015912403009177,0.761368523949169,0.8111336405529953
ECOLI (2),KNN,GEOMETRIC MEAN SCORE,0.8830050912444903,0.9309728445807529,0.9379820186145745
ECOLI (2),DT,ROC AUC,0.826902064845252,0.8230954918180833,0.8348061586131881
ECOLI (2),DT,F1,0.6392282759685136,0.5329807446507162,0.6461381742196683
ECOLI (2),DT,GEOMETRIC MEAN SCORE,0.8237879084909415,0.7596943366444237,0.8151181853101239
ECOLI (2),GBC,ROC AUC,0.9233183923547142,0.9200819847319053,0.9241708960974846
ECOLI (2),GBC,F1,0.7162463343108504,0.6098168498168497,0.7162463343108504
ECOLI (2),GBC,GEOMETRIC MEAN SCORE,0.8252013261884458,0.8088614382909368,0.8240162800427004
YEAST 3 (2),LR,ROC AUC,0.9630468758347298,0.9635517039493502,0.9649951219915045
YEAST 3 (2),LR,F1,0.0,0.5163262543239602,0.5970874781314648
YEAST 3 (2),LR,GEOMETRIC MEAN SCORE,0.0,0.8939531081428975,0.8987458910704997
YEAST 3 (2),KNN,ROC AUC,0.9205141111690429,0.9166872387004342,0.9205141111690429
YEAST 3 (2),KNN,F1,0.6286868653851991,0.6586154987014822,0.6709337727005813
YEAST 3 (2),KNN,GEOMETRIC MEAN SCORE,0.7324536030591153,0.8918841131015586,0.8918841131015586
YEAST 3 (2),DT,ROC AUC,0.9288137967690139,0.9322905703369837,0.9402254229045038
YEAST 3 (2),DT,F1,0.6579742412378597,0.6791219892790382,0.7075683385122077
YEAST 3 (2),DT,GEOMETRIC MEAN SCORE,0.8388117837981387,0.92165784618325,0.919962509063665
YEAST 3 (2),GBC,ROC AUC,0.9604120283252136,0.9610288940429556,0.967365064514545
YEAST 3 (2),GBC,F1,0.6793323909829206,0.687820782060172,0.7001709720640767
YEAST 3 (2),GBC,GEOMETRIC MEAN SCORE,0.8082591919158332,0.8985979806994768,0.8987713104407111
YEAST 3,LR,ROC AUC,0.9641647128916093,0.9656137187375154,0.9660787277352063
YEAST 3,LR,F1,0.08064169400613325,0.6716141592387956,0.7071435567645712
YEAST 3,LR,GEOMETRIC MEAN SCORE,0.19957681863972115,0.8989002858990733,0.8975718307612965
YEAST 3,KNN,ROC AUC,0.9287741718021849,0.9214406349303588,0.9295114492746377
YEAST 3,KNN,F1,0.7106815098823978,0.6965179809017322,0.7414401060698403
YEAST 3,KNN,GEOMETRIC MEAN SCORE,0.8004795025617789,0.8895785239023856,0.8895785239023856
YEAST 3,DT,ROC AUC,0.9484849856588883,0.9391452801920409,0.9494441140691623
YEAST 3,DT,F1,0.7336229912602455,0.7437044271306629,0.7857445647973733
YEAST 3,DT,GEOMETRIC MEAN SCORE,0.8300614593025912,0.9129361973005305,0.9258581941474456
YEAST 3,GBC,ROC AUC,0.9599725202776801,0.9601495601609915,0.9644837137256275
YEAST 3,GBC,F1,0.727986692175687,0.7568945455574311,0.7807121408546387
YEAST 3,GBC,GEOMETRIC MEAN SCORE,0.8207164146073769,0.9010732061616442,0.9130730812586401
HABERMAN,LR,ROC AUC,0.6837037037037036,0.6892181069958849,0.7114403292181068
HABERMAN,LR,F1,0.2570974298452662,0.5016660402805426,0.5376746710080043
HABERMAN,LR,GEOMETRIC MEAN SCORE,0.3940221723084558,0.6408584513161067,0.6759732298995996
HABERMAN,KNN,ROC AUC,0.6296296296296295,0.6213991769547325,0.6467078189300411
HABERMAN,KNN,F1,0.3516042780748663,0.4355172757300867,0.4542814246416186
HABERMAN,KNN,GEOMETRIC MEAN SCORE,0.5068586188674743,0.5951136596627902,0.6103207501259756
HABERMAN,DT,ROC AUC,0.6186831275720164,0.6003703703703703,0.6574485596707819
HABERMAN,DT,F1,0.29062842158139857,0.4105967078189301,0.47028524470216937
HABERMAN,DT,GEOMETRIC MEAN SCORE,0.45897575018906,0.5662009473871015,0.6180638105183709
HABERMAN,GBC,ROC AUC,0.6074897119341564,0.5979835390946502,0.6328806584362139
HABERMAN,GBC,F1,0.32032677884918387,0.3356504617143422,0.3856737527052164
HABERMAN,GBC,GEOMETRIC MEAN SCORE,0.47338574982847986,0.5055259747557848,0.5344446113628507
PAGE BLOCKS 0 (2),LR,ROC AUC,0.9250823933947895,0.9527060006051438,0.951196948223365
PAGE BLOCKS 0 (2),LR,F1,0.4128494041929915,0.5514639600735827,0.6661473887081393
PAGE BLOCKS 0 (2),LR,GEOMETRIC MEAN SCORE,0.5430465994218615,0.8873323748230986,0.8972094202336266
PAGE BLOCKS 0 (2),KNN,ROC AUC,0.9040628360530651,0.9009632009645339,0.9040628360530651
PAGE BLOCKS 0 (2),KNN,F1,0.6858912048394736,0.6706226966893407,0.7069167073635101
PAGE BLOCKS 0 (2),KNN,GEOMETRIC MEAN SCORE,0.7606710745114973,0.8551852036928118,0.8543279839341064
PAGE BLOCKS 0 (2),DT,ROC AUC,0.8962730666947736,0.9352657598743074,0.941560913063231
PAGE BLOCKS 0 (2),DT,F1,0.7649290289721109,0.7233937499907028,0.7744085828575047
PAGE BLOCKS 0 (2),DT,GEOMETRIC MEAN SCORE,0.8525516528644872,0.9057513452495966,0.9063767181685345
PAGE BLOCKS 0 (2),GBC,ROC AUC,0.9850477912787494,0.9832208162472602,0.9862537334121871
PAGE BLOCKS 0 (2),GBC,F1,0.7884164839453167,0.7843653329260419,0.8122855402526981
PAGE BLOCKS 0 (2),GBC,GEOMETRIC MEAN SCORE,0.8758471690677583,0.9376588045602416,0.9352901170708732
EUCALYPTUS,LR,ROC AUC,0.8643324551610876,0.8935174880149741,0.8943525216357227
EUCALYPTUS,LR,F1,0.26686645601012043,0.523784273162525,0.5500645330788422
EUCALYPTUS,LR,GEOMETRIC MEAN SCORE,0.39634658784494425,0.7884907412944335,0.8061382588330456
EUCALYPTUS,KNN,ROC AUC,0.7350910658276281,0.7488608263097407,0.749420329554627
EUCALYPTUS,KNN,F1,0.32957276368491323,0.4295725921017013,0.4346866042369547
EUCALYPTUS,KNN,GEOMETRIC MEAN SCORE,0.49548293527141213,0.6942471392832164,0.6987197981816691
EUCALYPTUS,DT,ROC AUC,0.83340364620377,0.8279328668432879,0.8371661666610871
EUCALYPTUS,DT,F1,0.44589607692411426,0.49884723490128424,0.5357469826432579
EUCALYPTUS,DT,GEOMETRIC MEAN SCORE,0.5953866832090302,0.7754508941061289,0.7841652501597032
EUCALYPTUS,GBC,ROC AUC,0.8861783628025818,0.8881164837579906,0.8913298549765382
EUCALYPTUS,GBC,F1,0.527892223518489,0.5618084399539867,0.5993286816411041
EUCALYPTUS,GBC,GEOMETRIC MEAN SCORE,0.6638599146536004,0.7629751533018283,0.7666153539919424
YEAST 1,LR,ROC AUC,0.782120029908945,0.7857910700628862,0.7883073098285363
YEAST 1,LR,F1,0.3365738597157754,0.577136405319076,0.5893563539772684
YEAST 1,LR,GEOMETRIC MEAN SCORE,0.4635844382378599,0.7016993504012822,0.7117463060602695
YEAST 1,KNN,ROC AUC,0.7676387559200059,0.7598959773193263,0.7688038275818347
YEAST 1,KNN,F1,0.5230354255110976,0.5799147098327313,0.5899997858755794
YEAST 1,KNN,GEOMETRIC MEAN SCORE,0.6398327097631015,0.704574676520825,0.711518675015718
YEAST 1,DT,ROC AUC,0.7368340148779418,0.7327318634806841,0.7489583990542128
YEAST 1,DT,F1,0.48608927535997076,0.5533405098985806,0.5741242873591581
YEAST 1,DT,GEOMETRIC MEAN SCORE,0.6091377653679785,0.6787029509359433,0.6957948755605574
YEAST 1,GBC,ROC AUC,0.8009779899520466,0.8028282699568077,0.8060727284267969
YEAST 1,GBC,F1,0.5419460791899546,0.5927072325111342,0.6059963347012666
YEAST 1,GBC,GEOMETRIC MEAN SCORE,0.6469674885294218,0.7127966993325541,0.7219355066376574
BREAST TISSUE (2),LR,ROC AUC,0.7956809947299077,0.7778429677206852,0.8550209980237156
BREAST TISSUE (2),LR,F1,0.3778409090909091,0.524801997245179,0.5450320512820512
BREAST TISSUE (2),LR,GEOMETRIC MEAN SCORE,0.5219375144083626,0.6854607581453983,0.6980179475937345
BREAST TISSUE (2),KNN,ROC AUC,0.6856472332015809,0.6690135046113307,0.6856472332015809
BREAST TISSUE (2),KNN,F1,0.38331668331668334,0.44457644628099174,0.4756493506493506
BREAST TISSUE (2),KNN,GEOMETRIC MEAN SCORE,0.5363949818311687,0.6387545668981167,0.6622063310421247
BREAST TISSUE (2),DT,ROC AUC,0.7827785326086957,0.7674520339262187,0.7678534667325427
BREAST TISSUE (2),DT,F1,0.5069362455726091,0.5570618078094154,0.5877577385849444
BREAST TISSUE (2),DT,GEOMETRIC MEAN SCORE,0.6596034528480513,0.7420701847151063,0.7332165621184631
BREAST TISSUE (2),GBC,ROC AUC,0.8060873682476943,0.8198493083003953,0.8387012104743082
BREAST TISSUE (2),GBC,F1,0.5069362455726091,0.4451520070838253,0.5069362455726091
BREAST TISSUE (2),GBC,GEOMETRIC MEAN SCORE,0.6596034528480513,0.6297326968986818,0.6596034528480513
YEAST 6 (2),LR,ROC AUC,0.9505137852044548,0.9580095695671944,0.9643145246710108
YEAST 6 (2),LR,F1,0.0,0.18251773880073308,0.25664460493254776
YEAST 6 (2),LR,GEOMETRIC MEAN SCORE,0.0,0.9176685424093807,0.9364309234280729
YEAST 6 (2),KNN,ROC AUC,0.8481651738932715,0.8464976316168557,0.8481651738932715
YEAST 6 (2),KNN,F1,0.4403168455010201,0.4073821433985144,0.5248511692414931
YEAST 6 (2),KNN,GEOMETRIC MEAN SCORE,0.6174638534166441,0.8334099762803904,0.8365474789953775
YEAST 6 (2),DT,ROC AUC,0.8305937340236529,0.8686003872454731,0.8880270958849166
YEAST 6 (2),DT,F1,0.3333333333333333,0.4647017994388105,0.46957841799748556
YEAST 6 (2),DT,GEOMETRIC MEAN SCORE,0.4812250806275995,0.8592051135544916,0.8803299370459011
YEAST 6 (2),GBC,ROC AUC,0.9447323599942379,0.9551780665406919,0.9615704766988947
YEAST 6 (2),GBC,F1,0.2099280891913907,0.4533751268871159,0.43827026035516525
YEAST 6 (2),GBC,GEOMETRIC MEAN SCORE,0.4009200828992513,0.8130774350451793,0.8124901182104118
VOWEL (2),LR,ROC AUC,0.9463225716450853,0.9720109567534528,0.9723449793171772
VOWEL (2),LR,F1,0.7602077138132282,0.5999038009075248,0.7602077138132282
VOWEL (2),LR,GEOMETRIC MEAN SCORE,0.8198275577066167,0.9079571457843212,0.8993889046036725
VOWEL (2),KNN,ROC AUC,0.910574348807324,0.9110197654252244,0.9110197654252244
VOWEL (2),KNN,F1,0.6486006731522892,0.8964062684105102,0.8964062684105102
VOWEL (2),KNN,GEOMETRIC MEAN SCORE,0.6941196318340807,0.9037434404934036,0.9037434404934036
VOWEL (2),DT,ROC AUC,0.928914367557228,0.9561990658150002,0.9583507414251109
VOWEL (2),DT,F1,0.8436712505273719,0.7852982580169052,0.9063822558626272
VOWEL (2),DT,GEOMETRIC MEAN SCORE,0.9242354809849211,0.9550689114187526,0.9571511764460374
VOWEL (2),GBC,ROC AUC,0.998292564705493,0.9975873035013613,0.9987007948020443
VOWEL (2),GBC,F1,0.9290048917319467,0.8319564387080123,0.9171524387294943
VOWEL (2),GBC,GEOMETRIC MEAN SCORE,0.9695734161058358,0.9236684507320694,0.9580964168063453
NEW THYROID 2,LR,ROC AUC,1.0,1.0,1.0
NEW THYROID 2,LR,F1,0.9378015311281237,0.9598817764641829,0.9598817764641829
NEW THYROID 2,LR,GEOMETRIC MEAN SCORE,0.9523705877559329,0.9916078003398072,0.9916078003398072
NEW THYROID 2,KNN,ROC AUC,0.9857963354474982,0.9859214235377026,0.986046511627907
NEW THYROID 2,KNN,F1,0.8961473451069535,0.941802739222355,0.941802739222355
NEW THYROID 2,KNN,GEOMETRIC MEAN SCORE,0.9055197775623588,0.9683056775175816,0.9759254585293994
NEW THYROID 2,DT,ROC AUC,0.9284760394644116,0.9568217054263566,0.9484496124031008
NEW THYROID 2,DT,F1,0.8651582444483301,0.9221267273340075,0.9187681159420289
NEW THYROID 2,DT,GEOMETRIC MEAN SCORE,0.9219169582858902,0.955854287509405,0.946852213021344
NEW THYROID 2,GBC,ROC AUC,0.9949400986610288,0.9930602536997886,0.9969415081042987
NEW THYROID 2,GBC,F1,0.9154047859791035,0.9272615436467813,0.9300134816312773
NEW THYROID 2,GBC,GEOMETRIC MEAN SCORE,0.9599106957769888,0.9502647003454638,0.9632524243052284
NEW THYROID 1,LR,ROC AUC,1.0,1.0,1.0
NEW THYROID 1,LR,F1,0.9856420626895854,0.9598817764641829,0.9856420626895854
NEW THYROID 1,LR,GEOMETRIC MEAN SCORE,0.9972364990467255,0.9916078003398072,0.9972364990467255
NEW THYROID 1,KNN,ROC AUC,0.970662438336857,0.9715028188865397,0.9716279069767441
NEW THYROID 1,KNN,F1,0.8291706009209069,0.927549253914269,0.9288001348163127
NEW THYROID 1,KNN,GEOMETRIC MEAN SCORE,0.844067469780016,0.9564868489584404,0.962713119278901
NEW THYROID 1,DT,ROC AUC,0.9194855532064834,0.9331007751937985,0.9428294573643411
NEW THYROID 1,DT,F1,0.8748046695468333,0.8836856941508104,0.9047011980267794
NEW THYROID 1,DT,GEOMETRIC MEAN SCORE,0.9164482084842418,0.9302165116349366,0.9400606034487067
NEW THYROID 1,GBC,ROC AUC,0.9683016208597605,0.9859689922480621,0.9913248766737139
NEW THYROID 1,GBC,F1,0.8945254947277194,0.8679121855562705,0.8970325091154212
NEW THYROID 1,GBC,GEOMETRIC MEAN SCORE,0.9202167365431325,0.9154202380432898,0.9328996278630808
HEART (3),LR,ROC AUC,0.896266049739734,0.8894372469635627,0.8963817235396183
HEART (3),LR,F1,0.6988380041011619,0.674879926327056,0.7184078206186422
HEART (3),LR,GEOMETRIC MEAN SCORE,0.7705020639105353,0.8137517991934544,0.82595833962204
HEART (3),KNN,ROC AUC,0.64644997108155,0.6413652400231348,0.6589823597455178
HEART (3),KNN,F1,0.30542510121457495,0.40186888287636646,0.4225999576618772
HEART (3),KNN,GEOMETRIC MEAN SCORE,0.4666517856646171,0.612733220281849,0.6310411993566463
HEART (3),DT,ROC AUC,0.8035234239444766,0.7217232504337767,0.8002076344707925
HEART (3),DT,F1,0.5953333333333334,0.519366900248706,0.5909473684210527
HEART (3),DT,GEOMETRIC MEAN SCORE,0.7262345774016368,0.6846834240347859,0.7199348605372788
HEART (3),GBC,ROC AUC,0.865351069982649,0.8679832272990167,0.8645858877964142
HEART (3),GBC,F1,0.6663859649122807,0.6855631418740391,0.6930106201959749
HEART (3),GBC,GEOMETRIC MEAN SCORE,0.7634254026720086,0.7678843439641154,0.7703794358894787
SEGMENTATION (2),LR,ROC AUC,0.9994582185491276,0.9995638200183654,0.9996969696969696
SEGMENTATION (2),LR,F1,0.9908812899638587,0.9805341055341057,0.9908812899638587
SEGMENTATION (2),LR,GEOMETRIC MEAN SCORE,0.9936612785198116,0.9927846097155424,0.9956965398330059
SEGMENTATION (2),KNN,ROC AUC,0.9799449035812672,0.9813636363636364,0.9815541781450872
SEGMENTATION (2),KNN,F1,0.9049206609462389,0.8928801767796914,0.9053128564991899
SEGMENTATION (2),KNN,GEOMETRIC MEAN SCORE,0.946222795127733,0.9707058142288015,0.9707058142288015
SEGMENTATION (2),DT,ROC AUC,0.9823232323232323,0.9823232323232324,0.9820707070707071
SEGMENTATION (2),DT,F1,0.9724770642201833,0.96507822807517,0.9724770642201833
SEGMENTATION (2),DT,GEOMETRIC MEAN SCORE,0.9821732006591775,0.9821881034031389,0.9819398355147151
SEGMENTATION (2),GBC,ROC AUC,0.9976078971533517,0.9977456382001837,0.9992607897153353
SEGMENTATION (2),GBC,F1,0.9725872383364738,0.9739466739466739,0.9784511784511785
SEGMENTATION (2),GBC,GEOMETRIC MEAN SCORE,0.9808832279293551,0.9829356612250548,0.9866274497255105
PAGE BLOCKS 1 3,LR,ROC AUC,0.9879520410240749,0.9826649742963303,0.9879520410240749
PAGE BLOCKS 1 3,LR,F1,0.6563462390605961,0.6752795753594614,0.7188207868034693
PAGE BLOCKS 1 3,LR,GEOMETRIC MEAN SCORE,0.7874000362894985,0.9540707103214743,0.9558413254625877
PAGE BLOCKS 1 3,KNN,ROC AUC,0.9460246793403573,0.9499685066422354,0.9500309366569959
PAGE BLOCKS 1 3,KNN,F1,0.7441935064372103,0.7044205417934232,0.7441935064372103
PAGE BLOCKS 1 3,KNN,GEOMETRIC MEAN SCORE,0.876060835623404,0.9124515883697624,0.9135486481498158
PAGE BLOCKS 1 3,DT,ROC AUC,0.9429329223291087,0.9642779431974348,0.9642779431974348
PAGE BLOCKS 1 3,DT,F1,0.8932852523257296,0.9295433145009416,0.9295433145009416
PAGE BLOCKS 1 3,DT,GEOMETRIC MEAN SCORE,0.9401558978457544,0.9624048244182076,0.9624048244182076
PAGE BLOCKS 1 3,GBC,ROC AUC,0.9983143896014659,0.9968406436097114,0.998322581055632
PAGE BLOCKS 1 3,GBC,F1,0.912160521359897,0.9295433145009416,0.9295433145009416
PAGE BLOCKS 1 3,GBC,GEOMETRIC MEAN SCORE,0.9604822944394724,0.9624048244182076,0.9624048244182076
YEAST 4,LR,ROC AUC,0.8828448343290102,0.8830707621656932,0.8839122775665526
YEAST 4,LR,F1,0.0,0.2742695261193227,0.3862717921343398
YEAST 4,LR,GEOMETRIC MEAN SCORE,0.0,0.8184106923680539,0.8483628911742271
YEAST 4,KNN,ROC AUC,0.8280659598169596,0.8305288656934126,0.8327968619096657
YEAST 4,KNN,F1,0.18259697644439235,0.3864403656441879,0.40688844820922365
YEAST 4,KNN,GEOMETRIC MEAN SCORE,0.3342159754589894,0.744093524862502,0.745977513214604
YEAST 4,DT,ROC AUC,0.7864619770019292,0.77703184709717,0.8538652818957789
YEAST 4,DT,F1,0.29770065150328184,0.21824539230327963,0.33718872686457624
YEAST 4,DT,GEOMETRIC MEAN SCORE,0.4897804885004718,0.7392221190263362,0.7417863078613137
YEAST 4,GBC,ROC AUC,0.9268708506339867,0.9012668948284042,0.926932428896204
YEAST 4,GBC,F1,0.2985151216957147,0.34207477777976897,0.4291010578122121
YEAST 4,GBC,GEOMETRIC MEAN SCORE,0.48072235586416606,0.6471687088814014,0.6660378143738158
VEHICLE (3),LR,ROC AUC,0.9899549464660852,0.9899901139096807,0.9912544204342697
VEHICLE (3),LR,F1,0.849210470939339,0.8484418051783992,0.8663348757731475
VEHICLE (3),LR,GEOMETRIC MEAN SCORE,0.8989000327107033,0.9198727696178696,0.9198727696178696
VEHICLE (3),KNN,ROC AUC,0.9121847381037177,0.9065476719970506,0.9121847381037177
VEHICLE (3),KNN,F1,0.5442730247779336,0.6743754320086186,0.6995574421665856
VEHICLE (3),KNN,GEOMETRIC MEAN SCORE,0.6432148478021344,0.8449452029482922,0.8496509221632639
VEHICLE (3),DT,ROC AUC,0.9153480563816843,0.9079476349653949,0.9300213578592276
VEHICLE (3),DT,F1,0.6435254298524465,0.6794924339602634,0.705108662076005
VEHICLE (3),DT,GEOMETRIC MEAN SCORE,0.7606632503951716,0.8745741690134734,0.8741806615382932
VEHICLE (3),GBC,ROC AUC,0.9797158755268527,0.9809625001770865,0.9823329734497744
VEHICLE (3),GBC,F1,0.7450133185351315,0.7479516972815983,0.7986278479385583
VEHICLE (3),GBC,GEOMETRIC MEAN SCORE,0.7984706676965763,0.8451453640982696,0.8708648733494804
PAGE BLOCKS 0 (3),LR,ROC AUC,0.9197010384382875,0.9436590544419208,0.9475222106599077
PAGE BLOCKS 0 (3),LR,F1,0.38570115764429325,0.4483655935444505,0.5467985380703826
PAGE BLOCKS 0 (3),LR,GEOMETRIC MEAN SCORE,0.5114350195851044,0.8917383404112046,0.8951735930567857
PAGE BLOCKS 0 (3),KNN,ROC AUC,0.875091228408355,0.8751503194925179,0.8759587476065496
PAGE BLOCKS 0 (3),KNN,F1,0.5979600670128419,0.6660079521332449,0.6808618258156429
PAGE BLOCKS 0 (3),KNN,GEOMETRIC MEAN SCORE,0.7019062371815898,0.8488781041491418,0.8489678310483546
PAGE BLOCKS 0 (3),DT,ROC AUC,0.8574114676796204,0.9303257207924829,0.941181575544627
PAGE BLOCKS 0 (3),DT,F1,0.6995704448122821,0.6334579439662271,0.7256020944487833
PAGE BLOCKS 0 (3),DT,GEOMETRIC MEAN SCORE,0.7817383671502087,0.8695217205302583,0.889002828461098
PAGE BLOCKS 0 (3),GBC,ROC AUC,0.986576059235144,0.9835442963083882,0.9869100976219418
PAGE BLOCKS 0 (3),GBC,F1,0.756836922460296,0.7569840120315826,0.7619119736808746
PAGE BLOCKS 0 (3),GBC,GEOMETRIC MEAN SCORE,0.842480046827947,0.916715828219949,0.9228001202591694
GLASS (2),LR,ROC AUC,0.8104473506009818,0.8112938039614017,0.8104473506009818
GLASS (2),LR,F1,0.2572865845951617,0.5017720955785843,0.5255050224576446
GLASS (2),LR,GEOMETRIC MEAN SCORE,0.39883939260764745,0.7286826982107878,0.7447910275705802
GLASS (2),KNN,ROC AUC,0.7867519468427291,0.7907091163026918,0.795748158963941
GLASS (2),KNN,F1,0.5124312979547373,0.5168275576674729,0.5239838181467925
GLASS (2),KNN,GEOMETRIC MEAN SCORE,0.6579637004155788,0.7222885458242643,0.7284031127818443
GLASS (2),DT,ROC AUC,0.8036492720501099,0.7962242889791773,0.8136480023700695
GLASS (2),DT,F1,0.5258904321328417,0.6139152827578866,0.673766238619287
GLASS (2),DT,GEOMETRIC MEAN SCORE,0.6634389543126367,0.7622374279440522,0.8102397259905566
GLASS (2),GBC,ROC AUC,0.9230415185373286,0.920332867783985,0.9347913492466565
GLASS (2),GBC,F1,0.6341205349585238,0.6914811445537703,0.7149858254448976
GLASS (2),GBC,GEOMETRIC MEAN SCORE,0.7473629960934844,0.8088237649454935,0.8130346553637442
HEART,LR,ROC AUC,0.9003333333333332,0.8994166666666668,0.9023333333333333
HEART,LR,F1,0.8273716487571909,0.8255097868953291,0.8273716487571909
HEART,LR,GEOMETRIC MEAN SCORE,0.8435685342580254,0.8420470607194515,0.8435685342580254
HEART,KNN,ROC AUC,0.6860833333333334,0.674875,0.6965833333333333
HEART,KNN,F1,0.6017094017094017,0.6104703401464657,0.619949173605995
HEART,KNN,GEOMETRIC MEAN SCORE,0.6434815743118425,0.6409159837026593,0.6536669940367223
HEART,DT,ROC AUC,0.7621249999999999,0.754625,0.7966250000000001
HEART,DT,F1,0.741683514718745,0.6896019940989453,0.7424278179364252
HEART,DT,GEOMETRIC MEAN SCORE,0.7641275305758757,0.7263464797194092,0.7658841224920115
HEART,GBC,ROC AUC,0.8680416666666667,0.866625,0.8732916666666666
HEART,GBC,F1,0.7506721803486924,0.7543254367216884,0.7563839423389931
HEART,GBC,GEOMETRIC MEAN SCORE,0.7775599928807948,0.7796525917646,0.7825165249255592
IRIS (2),LR,ROC AUC,1.0,1.0,1.0
IRIS (2),LR,F1,1.0,1.0,1.0
IRIS (2),LR,GEOMETRIC MEAN SCORE,1.0,1.0,1.0
IRIS (2),KNN,ROC AUC,1.0,1.0,1.0
IRIS (2),KNN,F1,1.0,1.0,1.0
IRIS (2),KNN,GEOMETRIC MEAN SCORE,1.0,1.0,1.0
IRIS (2),DT,ROC AUC,1.0,1.0,1.0
IRIS (2),DT,F1,1.0,1.0,1.0
IRIS (2),DT,GEOMETRIC MEAN SCORE,1.0,1.0,1.0
IRIS (2),GBC,ROC AUC,1.0,1.0,1.0
IRIS (2),GBC,F1,1.0,1.0,1.0
IRIS (2),GBC,GEOMETRIC MEAN SCORE,1.0,1.0,1.0
IRIS,LR,ROC AUC,1.0,1.0,1.0
IRIS,LR,F1,1.0,1.0,1.0
IRIS,LR,GEOMETRIC MEAN SCORE,1.0,1.0,1.0
IRIS,KNN,ROC AUC,1.0,1.0,1.0
IRIS,KNN,F1,1.0,1.0,1.0
IRIS,KNN,GEOMETRIC MEAN SCORE,1.0,1.0,1.0
IRIS,DT,ROC AUC,1.0,1.0,1.0
IRIS,DT,F1,1.0,1.0,1.0
IRIS,DT,GEOMETRIC MEAN SCORE,1.0,1.0,1.0
IRIS,GBC,ROC AUC,1.0,1.0,1.0
IRIS,GBC,F1,1.0,1.0,1.0
IRIS,GBC,GEOMETRIC MEAN SCORE,1.0,1.0,1.0
ECOLI,LR,ROC AUC,0.9342474136600019,0.9353654853131995,0.9365559114027595
ECOLI,LR,F1,0.34282756580893226,0.7130190477173103,0.7495618170868221
ECOLI,LR,GEOMETRIC MEAN SCORE,0.4579759734884029,0.896839791630873,0.9114736182462373
ECOLI,KNN,ROC AUC,0.9480344669907281,0.935034122753867,0.9480344669907281
ECOLI,KNN,F1,0.8672969187675069,0.7914683513367723,0.8672969187675069
ECOLI,KNN,GEOMETRIC MEAN SCORE,0.9269256081098317,0.9232399414406259,0.9313870882888742
ECOLI,DT,ROC AUC,0.8806421604351582,0.9003437260495836,0.9217547888416284
ECOLI,DT,F1,0.7437280161140006,0.781426196604768,0.8232174023560193
ECOLI,DT,GEOMETRIC MEAN SCORE,0.8441901365356803,0.8827975763338214,0.9202159431392396
ECOLI,GBC,ROC AUC,0.9517951441494852,0.9552082941239206,0.9592125406993703
ECOLI,GBC,F1,0.8023215551576894,0.8476254191979999,0.8687840413943355
ECOLI,GBC,GEOMETRIC MEAN SCORE,0.8773213188217315,0.9059301800667983,0.9229622371465938
YEAST 1 (2),LR,ROC AUC,0.7619087882829017,0.7694827471110018,0.7727041018642478
YEAST 1 (2),LR,F1,0.044976087198309415,0.44022804632148166,0.4633356766582296
YEAST 1 (2),LR,GEOMETRIC MEAN SCORE,0.14711494755490206,0.7009799796202405,0.7076709315025902
YEAST 1 (2),KNN,ROC AUC,0.6982785590915608,0.6995140076321957,0.7077042733415341
YEAST 1 (2),KNN,F1,0.3252097581838219,0.39130886776354323,0.39576950761013363
YEAST 1 (2),KNN,GEOMETRIC MEAN SCORE,0.4954574994815458,0.6469274729781391,0.651619531771512
YEAST 1 (2),DT,ROC AUC,0.705022759065829,0.7416730416858227,0.7483014671156326
YEAST 1 (2),DT,F1,0.34343055629604297,0.44766822167315035,0.4602414937350782
YEAST 1 (2),DT,GEOMETRIC MEAN SCORE,0.5043571227395757,0.681074450778091,0.6987103946453572
YEAST 1 (2),GBC,ROC AUC,0.7944477404821026,0.7740346894100683,0.7943964583647044
YEAST 1 (2),GBC,F1,0.36930203977559606,0.43474940855279715,0.4559872842073983
YEAST 1 (2),GBC,GEOMETRIC MEAN SCORE,0.5176388222812363,0.6761781167213471,0.6832492178398352
IRIS (3),LR,ROC AUC,1.0,1.0,1.0
IRIS (3),LR,F1,1.0,1.0,1.0
IRIS (3),LR,GEOMETRIC MEAN SCORE,1.0,1.0,1.0
IRIS (3),KNN,ROC AUC,1.0,1.0,1.0
IRIS (3),KNN,F1,1.0,1.0,1.0
IRIS (3),KNN,GEOMETRIC MEAN SCORE,1.0,1.0,1.0
IRIS (3),DT,ROC AUC,1.0,1.0,1.0
IRIS (3),DT,F1,1.0,1.0,1.0
IRIS (3),DT,GEOMETRIC MEAN SCORE,1.0,1.0,1.0
IRIS (3),GBC,ROC AUC,1.0,1.0,1.0
IRIS (3),GBC,F1,1.0,1.0,1.0
IRIS (3),GBC,GEOMETRIC MEAN SCORE,1.0,1.0,1.0
LED,LR,ROC AUC,0.9553092658606536,0.9494420923431015,0.9553092658606536
LED,LR,F1,0.7249360421369451,0.5883197860621865,0.7829642767566017
LED,LR,GEOMETRIC MEAN SCORE,0.8122757521002424,0.8745663728012577,0.9009789541610438
LED,KNN,ROC AUC,0.939525639701579,0.922206756706657,0.939525639701579
LED,KNN,F1,0.6204386238032226,0.5444187041280033,0.6204386238032226
LED,KNN,GEOMETRIC MEAN SCORE,0.7560645117229375,0.8819569409903685,0.7637543627224723
LED,DT,ROC AUC,0.9198730007138587,0.9196681683419834,0.9276274447383861
LED,DT,F1,0.7936418359668925,0.6444615588899216,0.7936418359668925
LED,DT,GEOMETRIC MEAN SCORE,0.902178072839246,0.8757909351532096,0.902178072839246
LED,GBC,ROC AUC,0.9470497726207459,0.9427700499852272,0.9523243386027214
LED,GBC,F1,0.7798481428278269,0.6635662606768702,0.7798481428278269
LED,GBC,GEOMETRIC MEAN SCORE,0.8604287479396534,0.8576759815712376,0.8604287479396534
ECOLI (3),LR,ROC AUC,0.9301882861532853,0.9284329080990453,0.9305488486183296
ECOLI (3),LR,F1,0.0,0.501648911387236,0.5553558020515428
ECOLI (3),LR,GEOMETRIC MEAN SCORE,0.0,0.911933321909751,0.9227667998201752
ECOLI (3),KNN,ROC AUC,0.9597121204793281,0.9534588574355234,0.9597121204793281
ECOLI (3),KNN,F1,0.839334253786081,0.7434866235355833,0.839334253786081
ECOLI (3),KNN,GEOMETRIC MEAN SCORE,0.8930771460188626,0.9457682888914655,0.9494175498938341
ECOLI (3),DT,ROC AUC,0.8520579963019871,0.8403412043220372,0.8854568075309501
ECOLI (3),DT,F1,0.6856342715977267,0.6787119856887297,0.7555467788025927
ECOLI (3),DT,GEOMETRIC MEAN SCORE,0.7922406345301496,0.8202343010862134,0.8493318783746471
ECOLI (3),GBC,ROC AUC,0.9190151281221361,0.9510993589862831,0.9637867243566611
ECOLI (3),GBC,F1,0.7100537889574434,0.7147861828094385,0.7346978326214206
ECOLI (3),GBC,GEOMETRIC MEAN SCORE,0.7934729298872447,0.7944273606956573,0.8224590988870364
GLASS (3),LR,ROC AUC,0.7905439121756486,0.7846628172226975,0.7927359566581124
GLASS (3),LR,F1,0.0,0.401335676068942,0.4336816562952527
GLASS (3),LR,GEOMETRIC MEAN SCORE,0.0,0.7197326521343073,0.7400586339209979
GLASS (3),KNN,ROC AUC,0.7457673937838608,0.7518578913601368,0.7540053820929569
GLASS (3),KNN,F1,0.43877081002829504,0.4352960745176314,0.43877081002829504
GLASS (3),KNN,GEOMETRIC MEAN SCORE,0.6026027406556497,0.6907146155425072,0.6888662452061018
GLASS (3),DT,ROC AUC,0.6812713857998288,0.6826659181636727,0.7843331194753351
GLASS (3),DT,F1,0.3296348479511565,0.3719458304147051,0.5029207778774434
GLASS (3),DT,GEOMETRIC MEAN SCORE,0.5267194992032895,0.6434334904416399,0.6770402171193118
GLASS (3),GBC,ROC AUC,0.8512795836897633,0.8269977901340178,0.8555745651554035
GLASS (3),GBC,F1,0.34970059880239523,0.44085151375570536,0.4779024119592982
GLASS (3),GBC,GEOMETRIC MEAN SCORE,0.5331933719241512,0.5877203327408336,0.6427013028931554
HABERMAN (3),LR,ROC AUC,0.6770370370370371,0.6987654320987655,0.7358024691358025
HABERMAN (3),LR,F1,0.0,0.33630213113168034,0.40055555555555555
HABERMAN (3),LR,GEOMETRIC MEAN SCORE,0.0,0.6510442171494359,0.6625672947767681
HABERMAN (3),KNN,ROC AUC,0.6195061728395062,0.6012345679012345,0.639753086419753
HABERMAN (3),KNN,F1,0.17777777777777776,0.22758284600389864,0.31520724231721675
HABERMAN (3),KNN,GEOMETRIC MEAN SCORE,0.2957027525092905,0.5126725964936248,0.5432682533341597
HABERMAN (3),DT,ROC AUC,0.6246913580246913,0.6479012345679012,0.6959259259259261
HABERMAN (3),DT,F1,0.14892514892514894,0.3182894213066627,0.4081501287383641
HABERMAN (3),DT,GEOMETRIC MEAN SCORE,0.3242522204533943,0.62113488541144,0.6607786432903753
HABERMAN (3),GBC,ROC AUC,0.6762962962962964,0.6693827160493826,0.7024691358024691
HABERMAN (3),GBC,F1,0.18614718614718617,0.3075345065562457,0.3594774372073223
HABERMAN (3),GBC,GEOMETRIC MEAN SCORE,0.36658544599898024,0.5629138094330781,0.6189145630740971
MANDELON 2 (3),LR,ROC AUC,0.7853308501021103,0.7646925541110231,0.7931986713587627
MANDELON 2 (3),LR,F1,0.11060888519230218,0.12571914973434295,0.13452410740201118
MANDELON 2 (3),LR,GEOMETRIC MEAN SCORE,0.2687505246248263,0.4659770930371946,0.46590591138377785
MANDELON 2 (3),KNN,ROC AUC,0.49211898825207634,0.4915574840698627,0.49211898825207634
MANDELON 2 (3),KNN,F1,0.0,0.0,0.0
MANDELON 2 (3),KNN,GEOMETRIC MEAN SCORE,0.0,0.0,0.0
MANDELON 2 (3),DT,ROC AUC,0.7720912709385317,0.8040250524216863,0.8249944470255617
MANDELON 2 (3),DT,F1,0.6601709439593397,0.4326220664520116,0.6717188954390318
MANDELON 2 (3),DT,GEOMETRIC MEAN SCORE,0.7493788864314086,0.7642180838483081,0.8346546337555034
MANDELON 2 (3),GBC,ROC AUC,0.846055439583906,0.9095249601177202,0.9121293051293139
MANDELON 2 (3),GBC,F1,0.6124863430683442,0.6753022279693892,0.6753022279693892
MANDELON 2 (3),GBC,GEOMETRIC MEAN SCORE,0.748223683868481,0.8076923184839255,0.8076923184839255
NEW THYROID 2 (2),LR,ROC AUC,0.9989001692047377,1.0,1.0
NEW THYROID 2 (2),LR,F1,0.9633389734912577,0.9450084602368866,0.9633389734912577
NEW THYROID 2 (2),LR,GEOMETRIC MEAN SCORE,0.9651663320558098,0.9944542396764536,0.9944542396764536
NEW THYROID 2 (2),KNN,ROC AUC,0.9421319796954315,0.9414128595600676,0.9441624365482234
NEW THYROID 2 (2),KNN,F1,0.7846587704455725,0.8522322009631653,0.8954314720812183
NEW THYROID 2 (2),KNN,GEOMETRIC MEAN SCORE,0.8055613670788659,0.930172327879811,0.932956958166751
NEW THYROID 2 (2),DT,ROC AUC,0.9637901861252115,0.9637901861252115,0.9665820642978005
NEW THYROID 2 (2),DT,F1,0.8887804243134192,0.8887804243134192,0.9145516074450084
NEW THYROID 2 (2),DT,GEOMETRIC MEAN SCORE,0.9624601805921884,0.9624601805921884,0.9652637895524349
NEW THYROID 2 (2),GBC,ROC AUC,0.9665820642978005,0.9958121827411168,0.9958121827411168
NEW THYROID 2 (2),GBC,F1,0.9145516074450084,0.8887804243134192,0.9145516074450084
NEW THYROID 2 (2),GBC,GEOMETRIC MEAN SCORE,0.9652637895524349,0.9624601805921884,0.9652637895524349
VEHICLE (2),LR,ROC AUC,0.9939117309386654,0.9933029992864615,0.9939819997363328
VEHICLE (2),LR,F1,0.9143031609956659,0.9154621272697019,0.9175264648068335
VEHICLE (2),LR,GEOMETRIC MEAN SCORE,0.9518438400380165,0.966953774671641,0.9687307393402111
VEHICLE (2),KNN,ROC AUC,0.973817279451203,0.968010879363286,0.973817279451203
VEHICLE (2),KNN,F1,0.739783764778271,0.7776521495928385,0.7776521495928385
VEHICLE (2),KNN,GEOMETRIC MEAN SCORE,0.8070028924448621,0.9150309369320163,0.9150309369320163
VEHICLE (2),DT,ROC AUC,0.9459042975109282,0.9047779095588342,0.9452838447708375
VEHICLE (2),DT,F1,0.7815597290769222,0.7208383009681162,0.7828450718549511
VEHICLE (2),DT,GEOMETRIC MEAN SCORE,0.8671267404750738,0.8767009969230349,0.8973170081026611
VEHICLE (2),GBC,ROC AUC,0.9898834868627249,0.9886655905859099,0.98995322166109
VEHICLE (2),GBC,F1,0.8472184809376431,0.8648384066044126,0.8793483778562807
VEHICLE (2),GBC,GEOMETRIC MEAN SCORE,0.889354563617899,0.9305760368304978,0.9407753470677105
LIBRAS,LR,ROC AUC,0.9211309523809524,0.9421502976190477,0.9428943452380952
LIBRAS,LR,F1,0.35555555555555557,0.6816902903859425,0.744999009704892
LIBRAS,LR,GEOMETRIC MEAN SCORE,0.4023689270621825,0.8640687682424579,0.8675053676081252
LIBRAS,KNN,ROC AUC,0.8969494047619048,0.9053199404761905,0.9054129464285714
LIBRAS,KNN,F1,0.5185185185185185,0.6904761904761905,0.6910556305293147
LIBRAS,KNN,GEOMETRIC MEAN SCORE,0.6147130449799441,0.8656805238947294,0.8656805238947294
LIBRAS,DT,ROC AUC,0.6187686011904762,0.7589285714285714,0.8006882440476191
LIBRAS,DT,F1,0.34318459318459316,0.5868778280542986,0.6511960261960261
LIBRAS,DT,GEOMETRIC MEAN SCORE,0.5076936894863154,0.7203022143510421,0.7450371065139623
LIBRAS,GBC,ROC AUC,0.9016927083333333,0.9272693452380952,0.9420572916666667
LIBRAS,GBC,F1,0.5865800865800865,0.6862484737484738,0.7512931512931513
LIBRAS,GBC,GEOMETRIC MEAN SCORE,0.6696790367337242,0.7631007674920589,0.795949314584939
VEHICLE,LR,ROC AUC,0.993266733058076,0.9929036124981601,0.993266733058076
VEHICLE,LR,F1,0.935516765611313,0.9316692961327315,0.9362216055093021
VEHICLE,LR,GEOMETRIC MEAN SCORE,0.9623471265195832,0.9643972859626913,0.9659292698267761
VEHICLE,KNN,ROC AUC,0.9757073809459139,0.9719625410328179,0.9757073809459139
VEHICLE,KNN,F1,0.8791749151528254,0.8777474081998677,0.8791749151528254
VEHICLE,KNN,GEOMETRIC MEAN SCORE,0.9250344551981206,0.9461863813046028,0.9434184787204773
VEHICLE,DT,ROC AUC,0.9512627435635838,0.9449767830409311,0.9586261171965598
VEHICLE,DT,F1,0.8514241498974584,0.8575632094124828,0.8679822447705382
VEHICLE,DT,GEOMETRIC MEAN SCORE,0.9120068303623329,0.924886310638886,0.9352119250324553
VEHICLE,GBC,ROC AUC,0.9941267233439475,0.9936482394422419,0.9949538618329231
VEHICLE,GBC,F1,0.9128059347458802,0.9283274358128539,0.9291715912426936
VEHICLE,GBC,GEOMETRIC MEAN SCORE,0.944774018761453,0.9663525993046513,0.9663338446675886
YEAST 5,LR,ROC AUC,0.9868285521755872,0.9861306314978822,0.9868285521755872
YEAST 5,LR,F1,0.0,0.45888991018143144,0.5334914037948401
YEAST 5,LR,GEOMETRIC MEAN SCORE,0.0,0.9630230184887286,0.972531811178216
YEAST 5,KNN,ROC AUC,0.9825399499422409,0.9828619360480041,0.9828619360480041
YEAST 5,KNN,F1,0.6877462160481028,0.7394230184625986,0.7394230184625986
YEAST 5,KNN,GEOMETRIC MEAN SCORE,0.8095032347438619,0.9779737043446736,0.9779737043446736
YEAST 5,DT,ROC AUC,0.9424778490405596,0.9634510171993326,0.9635552540591709
YEAST 5,DT,F1,0.785701072881983,0.6851020936077431,0.785701072881983
YEAST 5,DT,GEOMETRIC MEAN SCORE,0.9100172959090653,0.9632116745609463,0.9632116745609463
YEAST 5,GBC,ROC AUC,0.9880635508920548,0.988967338114491,0.990244252182005
YEAST 5,GBC,F1,0.7245292013588025,0.7650612840262766,0.7940079501457644
YEAST 5,GBC,GEOMETRIC MEAN SCORE,0.8531585526322015,0.9080113252916875,0.9158543968601027
HABERMAN (2),LR,ROC AUC,0.7376131038772548,0.7595410878429747,0.7661707097933512
HABERMAN (2),LR,F1,0.11119496855345913,0.44750063776876087,0.4816074639684371
HABERMAN (2),LR,GEOMETRIC MEAN SCORE,0.21559358259241135,0.6951630457307079,0.7250670535384264
HABERMAN (2),KNN,ROC AUC,0.645262976017693,0.6039798189232152,0.6657227866473149
HABERMAN (2),KNN,F1,0.3011680143755616,0.2893639008789187,0.4641382670765423
HABERMAN (2),KNN,GEOMETRIC MEAN SCORE,0.4772534023437914,0.5626384826418397,0.6578342934920332
HABERMAN (2),DT,ROC AUC,0.6345846983205474,0.689103600801714,0.6842946298984034
HABERMAN (2),DT,F1,0.30342172312273513,0.4049593885852007,0.4234718549623136
HABERMAN (2),DT,GEOMETRIC MEAN SCORE,0.4975037905634704,0.6518620768717387,0.6633190578784118
HABERMAN (2),GBC,ROC AUC,0.6847403414195867,0.6799602598659202,0.7135652774898058
HABERMAN (2),GBC,F1,0.2721100445032918,0.3624145669629183,0.40936671440954786
HABERMAN (2),GBC,GEOMETRIC MEAN SCORE,0.45823266494982684,0.6088379185183201,0.6374809142249585
VOWEL,LR,ROC AUC,0.9849666793043839,0.9900338284610419,0.9912030147725888
VOWEL,LR,F1,0.8014864581301164,0.7464607922635904,0.8014864581301164
VOWEL,LR,GEOMETRIC MEAN SCORE,0.8630754241797179,0.9517281159679962,0.9631879852731522
VOWEL,KNN,ROC AUC,1.0,1.0,1.0
VOWEL,KNN,F1,1.0,0.9945410499767704,1.0
VOWEL,KNN,GEOMETRIC MEAN SCORE,1.0,0.9994426842095414,1.0
VOWEL,DT,ROC AUC,0.9502684471179235,0.9655817806994977,0.9672616097743717
VOWEL,DT,F1,0.8759941230065394,0.8666123848554956,0.8892694161604061
VOWEL,DT,GEOMETRIC MEAN SCORE,0.933075984057232,0.9548791805426748,0.9583706456516865
VOWEL,GBC,ROC AUC,0.9963806536859257,0.9980140278661664,0.9989420876606232
VOWEL,GBC,F1,0.9312817515622892,0.92690661057039,0.9380069091045035
VOWEL,GBC,GEOMETRIC MEAN SCORE,0.961142933362414,0.9671887592257693,0.9762390641750752
EUCALYPTUS (2),LR,ROC AUC,0.8278557166702005,0.8913457692345935,0.8899796864118388
EUCALYPTUS (2),LR,F1,0.07637028954358584,0.40073500582195254,0.4143692207189843
EUCALYPTUS (2),LR,GEOMETRIC MEAN SCORE,0.16444281514709994,0.8108491298948868,0.8209774491469729
EUCALYPTUS (2),KNN,ROC AUC,0.6712032666691162,0.6725945212607941,0.6751788591306658
EUCALYPTUS (2),KNN,F1,0.18149640543179196,0.2955234376545016,0.2995864446982843
EUCALYPTUS (2),KNN,GEOMETRIC MEAN SCORE,0.3394159706694305,0.6346719293655514,0.6346719293655514
EUCALYPTUS (2),DT,ROC AUC,0.8811009940362187,0.8623806755431873,0.8811009940362187
EUCALYPTUS (2),DT,F1,0.41461081949599515,0.3850096288233983,0.4566427002632417
EUCALYPTUS (2),DT,GEOMETRIC MEAN SCORE,0.613596032568654,0.8112037078804426,0.7676431069957199
EUCALYPTUS (2),GBC,ROC AUC,0.8986853339800869,0.8930080112397334,0.9000863460481061
EUCALYPTUS (2),GBC,F1,0.4718558902686222,0.4069033878232594,0.49469218052982666
EUCALYPTUS (2),GBC,GEOMETRIC MEAN SCORE,0.6324641901869057,0.6941367382405239,0.7009352878965689
YEAST 6,LR,ROC AUC,0.934508114156245,0.9422698856185028,0.9422972653152543
YEAST 6,LR,F1,0.0,0.2737808349836971,0.40274337082956757
YEAST 6,LR,GEOMETRIC MEAN SCORE,0.0,0.8743154685527099,0.8883966666389641
YEAST 6,KNN,ROC AUC,0.85161716823354,0.8492495141094696,0.8530306153522637
YEAST 6,KNN,F1,0.4516340970350404,0.47825989536998936,0.5144171933574992
YEAST 6,KNN,GEOMETRIC MEAN SCORE,0.6242511124070348,0.7747576888882843,0.7794021774693857
YEAST 6,DT,ROC AUC,0.8077381681660657,0.824348448828409,0.843627591986903
YEAST 6,DT,F1,0.4443763783386425,0.3851804227037048,0.502296526938687
YEAST 6,DT,GEOMETRIC MEAN SCORE,0.6497470049434826,0.813509288313615,0.8405943586377347
YEAST 6,GBC,ROC AUC,0.8899600475211339,0.9202611991362284,0.9433414115329181
YEAST 6,GBC,F1,0.4623325497030986,0.5297255215584056,0.599689974997099
YEAST 6,GBC,GEOMETRIC MEAN SCORE,0.645309544526516,0.7790747068488342,0.7938733957154879
BREAST TISSUE,LR,ROC AUC,0.8750683620453924,0.8709324582991523,0.8906463631391852
BREAST TISSUE,LR,F1,0.6628930817610063,0.6695050726018732,0.698644123172425
BREAST TISSUE,LR,GEOMETRIC MEAN SCORE,0.7336226491268174,0.7415149591087384,0.7617712221419124
BREAST TISSUE,KNN,ROC AUC,0.763552775499043,0.7596561389116763,0.7956060295324037
BREAST TISSUE,KNN,F1,0.6048016448959844,0.6024874648581282,0.6429224165073222
BREAST TISSUE,KNN,GEOMETRIC MEAN SCORE,0.6950266568174346,0.6744791039888705,0.724724947514044
BREAST TISSUE,DT,ROC AUC,0.8381357670221492,0.791196677604594,0.8615497675690458
BREAST TISSUE,DT,F1,0.7139470347881037,0.644597148134884,0.7476665061245413
BREAST TISSUE,DT,GEOMETRIC MEAN SCORE,0.7772330508772134,0.7259784969175487,0.807075527252289
BREAST TISSUE,GBC,ROC AUC,0.8559697156138911,0.8636818088597211,0.8770679518731199
BREAST TISSUE,GBC,F1,0.7078206179928903,0.6854774156660948,0.710691823899371
BREAST TISSUE,GBC,GEOMETRIC MEAN SCORE,0.7753313403883387,0.7585074147353967,0.7800981023929088
EUCALYPTUS (3),LR,ROC AUC,0.7553090967887239,0.8860737554150884,0.8879413873802686
EUCALYPTUS (3),LR,F1,0.0,0.30713422251616695,0.3384821923503326
EUCALYPTUS (3),LR,GEOMETRIC MEAN SCORE,0.0,0.7917793205890967,0.7904887891916652
EUCALYPTUS (3),KNN,ROC AUC,0.6836843726216999,0.68229614777871,0.6836843726216999
EUCALYPTUS (3),KNN,F1,0.04761904761904762,0.2523585811688882,0.25912659273317484
EUCALYPTUS (3),KNN,GEOMETRIC MEAN SCORE,0.09994696958751786,0.6206599356259965,0.6206599356259965
EUCALYPTUS (3),DT,ROC AUC,0.7684689768296467,0.7712607738332875,0.8185399914120564
EUCALYPTUS (3),DT,F1,0.25274725274725274,0.28976097424680913,0.36131094024956
EUCALYPTUS (3),DT,GEOMETRIC MEAN SCORE,0.5006319011103804,0.7340735299111577,0.7718128147946703
EUCALYPTUS (3),GBC,ROC AUC,0.8621281553774648,0.8673579600073039,0.8747226262074328
EUCALYPTUS (3),GBC,F1,0.3095951343500363,0.33108053360562895,0.3806448684964402
EUCALYPTUS (3),GBC,GEOMETRIC MEAN SCORE,0.5215139722533463,0.6351372342966612,0.6285568670427157
MANDELON 2,LR,ROC AUC,0.7672341475450283,0.7377152726375524,0.7747298297557363
MANDELON 2,LR,F1,0.2549863405167954,0.20623548071597794,0.2592529899830409
MANDELON 2,LR,GEOMETRIC MEAN SCORE,0.49663436507358694,0.5540726701627683,0.569335933157934
MANDELON 2,KNN,ROC AUC,0.526345916604984,0.5270663705896866,0.5270663705896866
MANDELON 2,KNN,F1,0.0,0.08139689057120249,0.08139689057120249
MANDELON 2,KNN,GEOMETRIC MEAN SCORE,0.0,0.379267355601342,0.379267355601342
MANDELON 2,DT,ROC AUC,0.8664199358499877,0.8847865778435726,0.8837725141870219
MANDELON 2,DT,F1,0.7014792877187151,0.6617627606598195,0.7125148838204045
MANDELON 2,DT,GEOMETRIC MEAN SCORE,0.7662837526449201,0.8552278255118566,0.8597821124688456
MANDELON 2,GBC,ROC AUC,0.9157044164816186,0.9422921292869479,0.9419639773007649
MANDELON 2,GBC,F1,0.6988768216838392,0.8464299861358684,0.8551662482222531
MANDELON 2,GBC,GEOMETRIC MEAN SCORE,0.765048959144418,0.8666127276425162,0.8804227610106434
WINE (2),LR,ROC AUC,0.9896510375383614,0.9873330894457655,0.991666158567567
WINE (2),LR,F1,0.8535322607582252,0.8859368331199315,0.8859368331199315
WINE (2),LR,GEOMETRIC MEAN SCORE,0.8929827390380208,0.9230101321629844,0.9230101321629844
WINE (2),KNN,ROC AUC,0.845754323923338,0.8310042070605451,0.847079446375221
WINE (2),KNN,F1,0.6301875423664984,0.646686633209217,0.6817973055725659
WINE (2),KNN,GEOMETRIC MEAN SCORE,0.7499622268730242,0.7863222518980231,0.7806619326981343
WINE (2),DT,ROC AUC,0.9343729040912139,0.9001280409731114,0.9296780684104627
WINE (2),DT,F1,0.9097374099670485,0.8657825742332785,0.8968041582830315
WINE (2),DT,GEOMETRIC MEAN SCORE,0.9310321779735304,0.8954715018135513,0.9264729881597289
WINE (2),GBC,ROC AUC,0.9910686340263806,0.9899645346828445,0.9937590187590187
WINE (2),GBC,F1,0.9229288776135072,0.9057574697195028,0.9164734785524742
WINE (2),GBC,GEOMETRIC MEAN SCORE,0.9356606728308362,0.9149979051963959,0.9332954875664661
YEAST 4 (2),LR,ROC AUC,0.902647418328353,0.8899028605178212,0.902647418328353
YEAST 4 (2),LR,F1,0.0,0.18315039004164146,0.23569970196230294
YEAST 4 (2),LR,GEOMETRIC MEAN SCORE,0.0,0.8336896215433198,0.870014241029724
YEAST 4 (2),KNN,ROC AUC,0.822143115094064,0.8221871999505898,0.825738998042395
YEAST 4 (2),KNN,F1,0.11418773270625122,0.2963127835813021,0.3199471567527123
YEAST 4 (2),KNN,GEOMETRIC MEAN SCORE,0.23471840728145796,0.6527901310201488,0.6542732711121091
YEAST 4 (2),DT,ROC AUC,0.8175606215020068,0.8370309778415693,0.8440900430257852
YEAST 4 (2),DT,F1,0.20523372375224228,0.33788240704567585,0.33580455579926993
YEAST 4 (2),DT,GEOMETRIC MEAN SCORE,0.31468645202807827,0.815423025230214,0.8230236969457029
YEAST 4 (2),GBC,ROC AUC,0.8999717476314939,0.9086089158400242,0.9272883941701797
YEAST 4 (2),GBC,F1,0.34904631262655955,0.3523501271131513,0.4280070815794182
YEAST 4 (2),GBC,GEOMETRIC MEAN SCORE,0.5331768079142343,0.7433884721288329,0.7600777036015833
HEART (2),LR,ROC AUC,0.8793333333333333,0.8923333333333333,0.8953333333333333
HEART (2),LR,F1,0.7431754617109309,0.7604177604177603,0.7690074610523149
HEART (2),LR,GEOMETRIC MEAN SCORE,0.8035738276853687,0.8369801457879207,0.8432733997381285
HEART (2),KNN,ROC AUC,0.6438333333333334,0.6775833333333332,0.6740833333333334
HEART (2),KNN,F1,0.4005847953216374,0.48718075059538474,0.4907269627471652
HEART (2),KNN,GEOMETRIC MEAN SCORE,0.5396429695765379,0.6223749567809371,0.6192309889035033
HEART (2),DT,ROC AUC,0.8214166666666667,0.7851666666666668,0.8161666666666667
HEART (2),DT,F1,0.7130245544879692,0.6425929964440875,0.7033606155393182
HEART (2),DT,GEOMETRIC MEAN SCORE,0.792841501537719,0.7386742353505774,0.7899565431199769
HEART (2),GBC,ROC AUC,0.8836666666666668,0.8745,0.8848333333333334
HEART (2),GBC,F1,0.7042039580059666,0.7136786935926103,0.7529907599567042
HEART (2),GBC,GEOMETRIC MEAN SCORE,0.7715940666111682,0.7766928044942247,0.8138129477766237
WINE (3),LR,ROC AUC,0.9810531135531135,0.979290293040293,0.9874450549450549
WINE (3),LR,F1,0.7848055790363483,0.7718972204266322,0.8445329670329671
WINE (3),LR,GEOMETRIC MEAN SCORE,0.8451225340799952,0.8591010043048588,0.8961227212214653
WINE (3),KNN,ROC AUC,0.7789819902319903,0.7857463369963369,0.7830372405372406
WINE (3),KNN,F1,0.5203155818540434,0.5189473684210526,0.5375833073808782
WINE (3),KNN,GEOMETRIC MEAN SCORE,0.6605143407549879,0.746881096218931,0.7490890148028311
WINE (3),DT,ROC AUC,0.9166880341880341,0.8866880341880342,0.9553846153846155
WINE (3),DT,F1,0.8755586080586081,0.8535925612848689,0.940879120879121
WINE (3),DT,GEOMETRIC MEAN SCORE,0.9119946948644875,0.8783804505306823,0.9523303364562132
WINE (3),GBC,ROC AUC,0.9982371794871796,0.9671008852258851,0.9976495726495727
WINE (3),GBC,F1,0.8936263736263736,0.8488024795717103,0.9312087912087912
WINE (3),GBC,GEOMETRIC MEAN SCORE,0.907259638877171,0.887650069048932,0.9502804712331486
LIVER (3),LR,ROC AUC,0.6734674546986475,0.6838005719204564,0.7022294365781065
LIVER (3),LR,F1,0.22560280221570544,0.4020882826900718,0.4316137340914104
LIVER (3),LR,GEOMETRIC MEAN SCORE,0.37327852174210896,0.632289084063437,0.6605426425435436
LIVER (3),KNN,ROC AUC,0.6345842497556207,0.6459042021837295,0.6639382586699931
LIVER (3),KNN,F1,0.27738269794721404,0.4093524540997391,0.43010156546586625
LIVER (3),KNN,GEOMETRIC MEAN SCORE,0.4338030073377885,0.6283555867722981,0.6357540639979298
LIVER (3),DT,ROC AUC,0.5831748971418567,0.5923807522595963,0.6270089196156317
LIVER (3),DT,F1,0.28608476519708653,0.3306219728921276,0.3585246298991084
LIVER (3),DT,GEOMETRIC MEAN SCORE,0.4686420952609678,0.538619275603972,0.5598135089102714
LIVER (3),GBC,ROC AUC,0.7004042858471572,0.6757364547314746,0.7351568655075065
LIVER (3),GBC,F1,0.32945751069874496,0.33474872380107584,0.3758321104864175
LIVER (3),GBC,GEOMETRIC MEAN SCORE,0.4834571417618021,0.5202766711386657,0.5552310195315812
LIVER,LR,ROC AUC,0.7225547951271044,0.7204923277591768,0.7235330441243809
LIVER,LR,F1,0.5845529464782357,0.6309631365522219,0.6456186054220875
LIVER,LR,GEOMETRIC MEAN SCORE,0.6493043579716353,0.6680716362514969,0.6873215737718368
LIVER,KNN,ROC AUC,0.6835694848603906,0.66906669706307,0.6915290726933212
LIVER,KNN,F1,0.5941775044893074,0.6065998173292905,0.6309041366709875
LIVER,KNN,GEOMETRIC MEAN SCORE,0.6560550277425641,0.6545100217320508,0.6786803533861007
LIVER,DT,ROC AUC,0.6832250179288282,0.6962888078362723,0.7105634127532593
LIVER,DT,F1,0.5709690599682274,0.6122135802544627,0.5970063684019089
LIVER,DT,GEOMETRIC MEAN SCORE,0.6333928643050919,0.6611398992205642,0.6511470380140089
LIVER,GBC,ROC AUC,0.7682579722251317,0.76699406509305,0.7806886480921199
LIVER,GBC,F1,0.6693062559629275,0.6431769403059804,0.6721046192970499
LIVER,GBC,GEOMETRIC MEAN SCORE,0.7173193269296199,0.6940810639834116,0.7173193269296199
VOWEL (3),LR,ROC AUC,0.9593534723023104,0.9856345505132049,0.9859130050359435
VOWEL (3),LR,F1,0.6111709770114943,0.5126587972425796,0.6111709770114943
VOWEL (3),LR,GEOMETRIC MEAN SCORE,0.6815443452600126,0.9065600641030962,0.9126553108298079
VOWEL (3),KNN,ROC AUC,0.945488085284281,0.9482720779033561,0.9482720779033561
VOWEL (3),KNN,F1,0.49824744221295947,0.9042427315753889,0.9042427315753889
VOWEL (3),KNN,GEOMETRIC MEAN SCORE,0.5760277537377502,0.9275014076439492,0.9275014076439492
VOWEL (3),DT,ROC AUC,0.8785071827067235,0.8900889999711682,0.9091320025083611
VOWEL (3),DT,F1,0.7733684966727163,0.7185161904693587,0.7610811203601688
VOWEL (3),DT,GEOMETRIC MEAN SCORE,0.8588717474745653,0.8854063633140717,0.9042614996775902
VOWEL (3),GBC,ROC AUC,0.9931513209741283,0.9968262863760426,0.9974945580094569
VOWEL (3),GBC,F1,0.7909553189091728,0.7924964512285693,0.9070765518851219
VOWEL (3),GBC,GEOMETRIC MEAN SCORE,0.8343938345554863,0.8894977301776,0.9196840805300566
DERMATOLOGY,LR,ROC AUC,1.0,1.0,1.0
DERMATOLOGY,LR,F1,0.9746454662655779,0.9746454662655779,0.9746454662655779
DERMATOLOGY,LR,GEOMETRIC MEAN SCORE,0.9985252322510834,0.9985252322510834,0.9985252322510834
DERMATOLOGY,KNN,ROC AUC,0.9751765747456841,0.9699363121428924,0.9751765747456841
DERMATOLOGY,KNN,F1,0.9076063601203266,0.8691141260973663,0.9076063601203266
DERMATOLOGY,KNN,GEOMETRIC MEAN SCORE,0.9709019108491093,0.9680318899607596,0.9709019108491093
DERMATOLOGY,DT,ROC AUC,0.9590781534347066,0.9985168339348396,0.9985168339348396
DERMATOLOGY,DT,F1,0.9347970465288901,0.9776536312849162,0.9776536312849162
DERMATOLOGY,DT,GEOMETRIC MEAN SCORE,0.9573626319298281,0.9985135379939739,0.9985135379939739
DERMATOLOGY,GBC,ROC AUC,0.9985168339348396,0.9985168339348396,0.9985168339348396
DERMATOLOGY,GBC,F1,0.9776536312849162,0.9776536312849162,0.9776536312849162
DERMATOLOGY,GBC,GEOMETRIC MEAN SCORE,0.9985135379939739,0.9985135379939739,0.9985135379939739
WINE,LR,ROC AUC,0.9847846441947565,0.9853698501872659,0.9859550561797752
WINE,LR,F1,0.9222589410295954,0.9382114419169165,0.9342768654566407
WINE,LR,GEOMETRIC MEAN SCORE,0.933195415444482,0.9500679947646201,0.9462885410873356
WINE,KNN,ROC AUC,0.8701885162956243,0.8586294984530206,0.87521273388854
WINE,KNN,F1,0.729085010016549,0.741472056987589,0.7371470502297661
WINE,KNN,GEOMETRIC MEAN SCORE,0.7710170187973784,0.7821313378607531,0.7781022045868117
WINE,DT,ROC AUC,0.933248423942122,0.9254030288226673,0.9414413078372532
WINE,DT,F1,0.920831155634155,0.9028064034602605,0.9314113969681536
WINE,DT,GEOMETRIC MEAN SCORE,0.9317752448863756,0.9191134962861239,0.9405538922127687
WINE,GBC,ROC AUC,0.9890761548064918,0.984238427702949,0.9896394064872326
WINE,GBC,F1,0.9360921514194969,0.9321952491687131,0.9469413233458177
WINE,GBC,GEOMETRIC MEAN SCORE,0.9454339075793281,0.9404899611768275,0.9535029759499156
MANDELON 1 (2),LR,ROC AUC,0.8486157317150077,0.8349985154712386,0.8486157317150077
MANDELON 1 (2),LR,F1,0.07606873862918659,0.11510271450405875,0.1734792258154168
MANDELON 1 (2),LR,GEOMETRIC MEAN SCORE,0.16427080598343133,0.7589102269345526,0.7636855468800134
MANDELON 1 (2),KNN,ROC AUC,0.5246024228842581,0.525507784717836,0.525531218371192
MANDELON 1 (2),KNN,F1,0.0,0.05185373716806651,0.05185373716806651
MANDELON 1 (2),KNN,GEOMETRIC MEAN SCORE,0.0,0.20266841222727264,0.20266841222727264
MANDELON 1 (2),DT,ROC AUC,0.771351364127788,0.6846396787736304,0.8124644107563271
MANDELON 1 (2),DT,F1,0.2638828872126149,0.10584647778268283,0.2977489257988559
MANDELON 1 (2),DT,GEOMETRIC MEAN SCORE,0.4498894124698053,0.6865288738693615,0.7174647651535557
MANDELON 1 (2),GBC,ROC AUC,0.8321526491538511,0.812915839292,0.8264584870502975
MANDELON 1 (2),GBC,F1,0.31901617862721565,0.24289386414691858,0.3564505928801279
MANDELON 1 (2),GBC,GEOMETRIC MEAN SCORE,0.4780844346194646,0.6105778191696005,0.6484765404691747
YEAST 5 (2),LR,ROC AUC,0.9858362240244934,0.9873994365187936,0.9876717111263109
YEAST 5 (2),LR,F1,0.0,0.31372664170201786,0.3605739734563159
YEAST 5 (2),LR,GEOMETRIC MEAN SCORE,0.0,0.9653594643246716,0.9696658134461448
YEAST 5 (2),KNN,ROC AUC,0.9697265243306626,0.9698486662106702,0.9698486662106702
YEAST 5 (2),KNN,F1,0.40164413789584785,0.5589708009608652,0.5589708009608652
YEAST 5 (2),KNN,GEOMETRIC MEAN SCORE,0.5902757814013262,0.8979958495844315,0.8979958495844315
YEAST 5 (2),DT,ROC AUC,0.8777080381571234,0.9413007499511431,0.9413007499511431
YEAST 5 (2),DT,F1,0.4953127580861706,0.5388426388610111,0.5485493129719559
YEAST 5 (2),DT,GEOMETRIC MEAN SCORE,0.758904477510528,0.9376184665681996,0.9376184665681996
YEAST 5 (2),GBC,ROC AUC,0.9798505594098104,0.9803552089440426,0.9860556722689076
YEAST 5 (2),GBC,F1,0.3524564224300685,0.43910647706414985,0.4813221494228046
YEAST 5 (2),GBC,GEOMETRIC MEAN SCORE,0.577026673786921,0.6771117617058933,0.7353394749129308
NEW THYROID 1 (2),LR,ROC AUC,1.0,1.0,1.0
NEW THYROID 1 (2),LR,F1,0.9329949238578681,0.9742288168684107,0.9742288168684107
NEW THYROID 1 (2),LR,GEOMETRIC MEAN SCORE,0.9385216971636037,0.9971963910397535,0.9971963910397535
NEW THYROID 1 (2),KNN,ROC AUC,0.8439932318104906,0.8455583756345177,0.8455583756345177
NEW THYROID 1 (2),KNN,F1,0.6425875309124041,0.6767222625090645,0.6877670552797457
NEW THYROID 1 (2),KNN,GEOMETRIC MEAN SCORE,0.7166782756377709,0.8127404700171186,0.8127404700171186
NEW THYROID 1 (2),DT,ROC AUC,0.8230329949238577,0.8422588832487309,0.928849407783418
NEW THYROID 1 (2),DT,F1,0.6356494605225569,0.6782648823257961,0.8033961808073482
NEW THYROID 1 (2),DT,GEOMETRIC MEAN SCORE,0.8001961819606298,0.8236544295938906,0.9240940037611276
NEW THYROID 1 (2),GBC,ROC AUC,0.8967005076142134,0.9788917089678512,0.9926184433164129
NEW THYROID 1 (2),GBC,F1,0.7508785630613041,0.700761421319797,0.8047901055515267
NEW THYROID 1 (2),GBC,GEOMETRIC MEAN SCORE,0.8547615662411563,0.8463089727540699,0.9230543641470945
YEAST 3 (3),LR,ROC AUC,0.9679957609490077,0.9709392852457788,0.9718014111429696
YEAST 3 (3),LR,F1,0.0,0.45346574492515596,0.5070846838248457
YEAST 3 (3),LR,GEOMETRIC MEAN SCORE,0.0,0.9063135574755182,0.9185966295877113
YEAST 3 (3),KNN,ROC AUC,0.9201778414947247,0.917990959689661,0.9201778414947247
YEAST 3 (3),KNN,F1,0.5921689149560118,0.639686608119485,0.6545752327830505
YEAST 3 (3),KNN,GEOMETRIC MEAN SCORE,0.7133898834929814,0.882690752914909,0.8833897294611756
YEAST 3 (3),DT,ROC AUC,0.9281896591143344,0.9317437379359457,0.9381993553344201
YEAST 3 (3),DT,F1,0.620544850498339,0.576987652105925,0.6694198168229043
YEAST 3 (3),DT,GEOMETRIC MEAN SCORE,0.7691753134023465,0.9232443361847881,0.9338896481406987
YEAST 3 (3),GBC,ROC AUC,0.9676166376192349,0.973126135192369,0.9737148779070859
YEAST 3 (3),GBC,F1,0.6221126265955534,0.6338073372394555,0.6387530363767181
YEAST 3 (3),GBC,GEOMETRIC MEAN SCORE,0.7861808236319192,0.8843814684703162,0.8953053905139148
PIMA (3),LR,ROC AUC,0.7991858130611948,0.8295290482739955,0.8295198731700828
PIMA (3),LR,F1,0.2338171828752718,0.49342118558180464,0.49052873738266256
PIMA (3),LR,GEOMETRIC MEAN SCORE,0.36319380072715374,0.7621439504387126,0.7646583473705942
PIMA (3),KNN,ROC AUC,0.6967160302422624,0.675815385593512,0.6981588722029931
PIMA (3),KNN,F1,0.2713973145498569,0.35750847919885137,0.3899260876456156
PIMA (3),KNN,GEOMETRIC MEAN SCORE,0.4523604249463112,0.6450218465872183,0.6486408695582239
PIMA (3),DT,ROC AUC,0.7383691471528012,0.7277773237860923,0.7521149460284575
PIMA (3),DT,F1,0.3873994179078924,0.41913733755439964,0.4575802463519009
PIMA (3),DT,GEOMETRIC MEAN SCORE,0.5250199685228717,0.686282225504833,0.7176823328117488
PIMA (3),GBC,ROC AUC,0.8158147118970709,0.808689960814782,0.8243984328245904
PIMA (3),GBC,F1,0.42488336823529127,0.4518819278691165,0.46477518555864555
PIMA (3),GBC,GEOMETRIC MEAN SCORE,0.5792724917073777,0.6774383980744187,0.6784014813154879
LIVER (2),LR,ROC AUC,0.6824774855668183,0.6859220982321015,0.6959026932516561
LIVER (2),LR,F1,0.30147633833592086,0.48898426794143024,0.5077299419679735
LIVER (2),LR,GEOMETRIC MEAN SCORE,0.44096905900731187,0.643332113699623,0.6606490593845064
LIVER (2),KNN,ROC AUC,0.6524757354603985,0.615806641092665,0.6630059927634554
LIVER (2),KNN,F1,0.3661715023847377,0.41904078840752573,0.4398236778995931
LIVER (2),KNN,GEOMETRIC MEAN SCORE,0.5075559419121406,0.580873771201506,0.5883322147136022
LIVER (2),DT,ROC AUC,0.6790618161698194,0.6627082979986432,0.6836158861441455
LIVER (2),DT,F1,0.4398865650342568,0.4527051649713444,0.4738625041664855
LIVER (2),DT,GEOMETRIC MEAN SCORE,0.5732311714851528,0.6029346271951652,0.6129540565980085
LIVER (2),GBC,ROC AUC,0.719461578304999,0.7060484259850481,0.7275342559428792
LIVER (2),GBC,F1,0.48482859963207253,0.4481640256300442,0.5035278968191743
LIVER (2),GBC,GEOMETRIC MEAN SCORE,0.6071698246024025,0.5928552529998621,0.6276226426456828
MANDELON 2 (2),LR,ROC AUC,0.8274351740376161,0.8092485428075209,0.8284496575881655
MANDELON 2 (2),LR,F1,0.15265764564599335,0.18629513275114984,0.19409847884880393
MANDELON 2 (2),LR,GEOMETRIC MEAN SCORE,0.38807767202660004,0.5785944680163027,0.586176348579995
MANDELON 2 (2),KNN,ROC AUC,0.5129081310197519,0.5118315889978257,0.5129081310197519
MANDELON 2 (2),KNN,F1,0.0,0.018512234664253665,0.018512234664253665
MANDELON 2 (2),KNN,GEOMETRIC MEAN SCORE,0.0,0.08006048636036661,0.08006048636036661
MANDELON 2 (2),DT,ROC AUC,0.8052375846773303,0.8670891605835184,0.8750298243674415
MANDELON 2 (2),DT,F1,0.6601212297642332,0.4267140784905617,0.6605750504111749
MANDELON 2 (2),DT,GEOMETRIC MEAN SCORE,0.738071284738756,0.8330558910995582,0.8632453290840283
MANDELON 2 (2),GBC,ROC AUC,0.8971657835964928,0.9185204274235919,0.9061382469618617
MANDELON 2 (2),GBC,F1,0.6459313420969341,0.7830511547546415,0.7899543903071918
MANDELON 2 (2),GBC,GEOMETRIC MEAN SCORE,0.762253235491312,0.8518779496186433,0.8525177371290558
LED (2),LR,ROC AUC,0.9677746819377647,0.9571003283388828,0.9677746819377647
LED (2),LR,F1,0.0,0.3885179203784651,0.6942806603773585
LED (2),LR,GEOMETRIC MEAN SCORE,0.0,0.8584629688680456,0.900397158209585
LED (2),KNN,ROC AUC,0.9027093738438773,0.9177979328523863,0.9121523281744565
LED (2),KNN,F1,0.6960090640029597,0.4841424695984159,0.6960090640029597
LED (2),KNN,GEOMETRIC MEAN SCORE,0.9003922486086194,0.9134427259352083,0.9003922486086194
LED (2),DT,ROC AUC,0.9757808967402474,0.9294912802647264,0.9757808967402474
LED (2),DT,F1,0.7228109940374092,0.571055654251409,0.7631197418933269
LED (2),DT,GEOMETRIC MEAN SCORE,0.9015407243664846,0.8834261397885173,0.9049494304341817
LED (2),GBC,ROC AUC,0.9739324490278292,0.9704427565051177,0.9741377250585769
LED (2),GBC,F1,0.6825022461814916,0.5798685983827494,0.6825022461814916
LED (2),GBC,GEOMETRIC MEAN SCORE,0.8365231453718921,0.8615074551651907,0.8365231453718921
MANDELON 1,LR,ROC AUC,0.8545650179097317,0.8455829450478696,0.8545650179097317
MANDELON 1,LR,F1,0.13801623236990396,0.2195716007641353,0.3338773557828378
MANDELON 1,LR,GEOMETRIC MEAN SCORE,0.27529639169206005,0.7880350483459613,0.7840594200343566
MANDELON 1,KNN,ROC AUC,0.6446682117084698,0.6430005543365265,0.6459260233467622
MANDELON 1,KNN,F1,0.06358589981447124,0.17146615967620146,0.17703230679312196
MANDELON 1,KNN,GEOMETRIC MEAN SCORE,0.15198945944753428,0.49868017226479694,0.49868017226479694
MANDELON 1,DT,ROC AUC,0.8091301905821557,0.8054588645330096,0.8142906195626248
MANDELON 1,DT,F1,0.47349912114912107,0.34434564344163165,0.4744312889812889
MANDELON 1,DT,GEOMETRIC MEAN SCORE,0.6084665534367645,0.7844408336035125,0.7887177476607856
MANDELON 1,GBC,ROC AUC,0.8484818797531793,0.831774508731856,0.8530897544340028
MANDELON 1,GBC,F1,0.48312573855389074,0.4805734549995874,0.49945415443299623
MANDELON 1,GBC,GEOMETRIC MEAN SCORE,0.621883714331789,0.7609513262905586,0.7712209789860565
PIMA,LR,ROC AUC,0.826119291153767,0.8313029362246368,0.8311489920321541
PIMA,LR,F1,0.6246224516705662,0.6756381337240496,0.6852427861475106
PIMA,LR,GEOMETRIC MEAN SCORE,0.6967029422867107,0.7495060108573917,0.7576209114861907
PIMA,KNN,ROC AUC,0.7383466951244329,0.7238204185133627,0.7452333149240937
PIMA,KNN,F1,0.5713877687714363,0.5840373748483281,0.5949089241446845
PIMA,KNN,GEOMETRIC MEAN SCORE,0.663551877736168,0.6655297298981975,0.6817871045448123
PIMA,DT,ROC AUC,0.766214464988386,0.7916511660421358,0.8043846850893801
PIMA,DT,F1,0.5938932593962043,0.6522355778097333,0.6655089512529724
PIMA,DT,GEOMETRIC MEAN SCORE,0.6790494502427128,0.7190203400796957,0.730300981340771
PIMA,GBC,ROC AUC,0.8215903537722751,0.823906751256428,0.8266360819270175
PIMA,GBC,F1,0.6056643413169964,0.641988777387456,0.6699034668325028
PIMA,GBC,GEOMETRIC MEAN SCORE,0.6872077391846627,0.7206861740654875,0.7444159929779994
PAGE BLOCKS 0,LR,ROC AUC,0.940606860369297,0.9571977871304651,0.9593588972413748
PAGE BLOCKS 0,LR,F1,0.6989433739464773,0.7144233806975611,0.7452282621251429
PAGE BLOCKS 0,LR,GEOMETRIC MEAN SCORE,0.7588488461174405,0.9076776351220793,0.8950676050193351
PAGE BLOCKS 0,KNN,ROC AUC,0.9410529379261983,0.9382532461279829,0.9410529379261983
PAGE BLOCKS 0,KNN,F1,0.7918246863929482,0.8079016334948352,0.8113939902539391
PAGE BLOCKS 0,KNN,GEOMETRIC MEAN SCORE,0.8531822440025351,0.9164800895023262,0.9169020298259851
PAGE BLOCKS 0,DT,ROC AUC,0.9335569009480709,0.9410387827087925,0.9476125696186758
PAGE BLOCKS 0,DT,F1,0.8476854090451416,0.799636474987471,0.8578034865956295
PAGE BLOCKS 0,DT,GEOMETRIC MEAN SCORE,0.9051821824893265,0.933195379096063,0.9356403752497315
PAGE BLOCKS 0,GBC,ROC AUC,0.9910014673217975,0.9904424842080616,0.9910368123274244
PAGE BLOCKS 0,GBC,F1,0.8708901344486188,0.8698418165438602,0.8812374707580583
PAGE BLOCKS 0,GBC,GEOMETRIC MEAN SCORE,0.9192599021817045,0.9545684245530801,0.954625483114153
YEAST 1 (3),LR,ROC AUC,0.7552646732552072,0.7676924880186965,0.7692401843014123
YEAST 1 (3),LR,F1,0.0,0.3537220199873614,0.4060393487870523
YEAST 1 (3),LR,GEOMETRIC MEAN SCORE,0.0,0.6986867329969441,0.7169951023675785
YEAST 1 (3),KNN,ROC AUC,0.6886057720740636,0.6890947684375838,0.6952396415150718
YEAST 1 (3),KNN,F1,0.18333832962057506,0.320756034967389,0.32242333208353663
YEAST 1 (3),KNN,GEOMETRIC MEAN SCORE,0.35543535552473715,0.6314203544908026,0.6346131431879358
YEAST 1 (3),DT,ROC AUC,0.6706370585064685,0.710550968247889,0.7227781450716173
YEAST 1 (3),DT,F1,0.24000654334610763,0.3268184076902897,0.35211193428873294
YEAST 1 (3),DT,GEOMETRIC MEAN SCORE,0.4227768100927844,0.6407475330056114,0.6712420446314469
YEAST 1 (3),GBC,ROC AUC,0.7439324430045334,0.7411930387334874,0.7599600622256678
YEAST 1 (3),GBC,F1,0.201126993983752,0.3500828187264591,0.38799541840145746
YEAST 1 (3),GBC,GEOMETRIC MEAN SCORE,0.361499402868535,0.6526640645454715,0.6799621808072993
